FIPS,<9th Grade (%),High School (%),Associate's Degree (%),Bachelor's Degree (%),Graduate Degree (%)
1000,6.4,31.8,6.7,13.7,7.8
1001,4.8,34.6,6.6,14.6,7.3
1003,3.7,29.8,7.7,17.5,9.2
1005,9.8,36.2,7.4,7.1,5.3
1007,9.5,39.8,4.9,7.9,3.2
1009,10.0,36.5,5.8,8.3,4.1
1011,12.8,38.6,2.8,6.0,3.0
1013,8.2,39.0,7.2,9.6,2.8
1015,7.0,34.0,6.4,10.4,7.1
1017,8.7,35.7,6.9,7.2,3.1
1019,9.0,35.6,5.3,6.2,3.8
1021,8.5,38.4,5.5,6.8,4.6
1023,14.0,40.6,6.8,6.9,3.9
1025,7.9,42.7,6.0,9.0,4.6
1027,9.2,38.4,7.2,5.7,3.2
1029,11.0,39.8,5.1,6.5,3.7
1031,8.5,28.1,8.3,13.7,7.9
1033,6.9,35.3,7.3,11.0,5.9
1035,8.3,40.5,9.2,5.4,3.9
1037,10.6,45.2,3.4,5.6,3.6
1039,8.5,35.8,8.2,8.6,4.7
1041,10.5,36.6,4.6,7.2,4.0
1043,8.7,34.0,8.6,8.2,5.1
1045,5.6,30.7,9.5,11.3,5.3
1047,8.1,36.3,7.8,8.3,5.6
1049,15.2,33.7,6.2,6.1,4.1
1051,5.4,36.5,5.8,12.5,6.3
1053,7.6,36.7,8.6,7.5,3.6
1055,6.2,32.8,7.9,9.7,5.7
1057,10.7,38.0,7.3,6.0,3.7
1059,13.4,33.4,7.4,6.7,4.9
1061,10.8,37.1,8.3,5.3,3.0
1063,12.4,34.3,6.1,4.9,4.3
1065,9.1,36.1,5.0,5.4,3.7
1067,6.9,38.1,6.1,9.1,4.6
1069,6.4,32.2,7.5,12.6,6.9
1071,10.8,37.9,5.9,7.4,3.9
1073,4.1,28.7,6.6,17.6,10.5
1075,9.1,42.0,6.0,5.7,3.3
1077,6.2,33.5,6.2,12.9,7.4
1079,8.5,39.2,7.1,7.4,2.9
1081,4.8,26.7,7.3,17.2,13.4
1083,8.2,33.6,6.7,12.6,5.6
1085,9.7,39.8,5.1,9.3,4.2
1087,9.3,28.9,8.4,10.7,9.4
1089,3.8,22.4,6.6,24.6,13.3
1091,7.0,38.9,5.5,10.9,4.8
1093,10.4,33.6,8.0,5.1,3.9
1095,11.2,31.0,7.2,9.4,5.3
1097,4.8,34.5,7.1,12.9,6.8
1099,6.6,39.5,8.6,7.8,3.7
1101,4.4,26.9,5.6,18.3,12.2
1103,7.0,31.6,6.9,13.5,6.1
1105,12.6,39.3,5.4,6.1,5.5
1107,10.2,42.4,4.3,8.3,4.0
1109,7.9,34.2,3.2,13.3,8.8
1111,11.0,35.3,5.9,7.3,5.8
1113,8.7,34.9,6.9,7.9,4.0
1115,6.2,37.1,5.9,9.5,5.0
1117,2.9,22.5,6.8,27.8,12.1
1119,10.2,40.6,4.9,7.5,4.6
1121,7.9,36.4,6.2,7.2,4.5
1123,8.6,33.2,6.9,9.9,5.8
1125,5.1,30.5,5.9,15.6,11.3
1127,8.7,35.7,8.2,5.4,4.4
1129,10.6,43.3,5.1,6.6,2.5
1131,11.0,35.4,6.3,13.9,3.1
1133,12.5,33.4,6.0,6.2,5.5
2000,3.5,28.5,7.9,17.1,9.5
2013,18.3,25.7,8.3,11.0,1.6
2016,15.5,36.1,8.8,7.0,1.5
2020,2.9,23.8,8.0,20.9,11.4
2050,12.4,41.2,2.8,9.2,5.1
2060,7.8,26.7,8.8,12.0,2.2
2068,0.2,30.7,8.8,19.5,5.1
2070,11.0,34.8,4.3,11.4,9.1
2090,2.2,27.7,9.5,15.1,11.1
2100,0.8,30.5,3.4,26.6,9.6
2105,4.6,30.1,9.8,15.2,7.3
2110,1.6,25.3,6.1,23.7,12.1
2122,2.5,34.7,8.0,13.6,7.8
2130,1.5,31.7,7.5,16.2,7.9
2150,6.7,27.4,10.0,14.9,5.7
2164,12.1,31.8,5.3,10.8,6.5
2170,2.3,33.0,8.8,13.7,6.3
2180,8.9,40.3,3.0,10.2,4.9
2185,8.0,37.2,2.4,9.5,9.8
2188,9.2,45.1,2.6,8.8,4.4
2195,1.9,36.0,10.0,16.4,8.4
2198,1.8,41.2,5.3,10.0,5.4
2220,1.9,27.4,10.7,14.4,11.8
2230,1.2,20.3,6.4,23.7,7.2
2240,4.2,31.2,7.3,11.0,5.5
2261,3.4,25.1,9.1,15.4,6.6
2270,13.8,42.7,2.3,7.1,4.1
2275,0.9,41.5,8.9,12.6,2.2
2282,4.2,36.3,9.3,10.4,6.6
2290,10.1,38.5,3.3,7.7,5.2
4000,7.2,25.6,7.8,16.4,9.3
4001,17.4,31.5,7.9,5.9,3.9
4003,7.2,24.8,9.5,13.4,8.3
4005,6.0,23.7,7.1,17.4,12.7
4007,5.3,34.0,9.2,8.9,5.6
4009,6.2,32.5,8.9,8.2,5.3
4011,4.3,35.9,6.6,9.2,3.8
4012,10.8,35.4,3.7,6.5,3.4
4013,7.4,24.3,7.8,18.2,9.9
4015,4.2,35.2,7.0,8.1,4.1
4017,8.7,29.4,8.2,7.9,5.4
4019,5.5,24.4,7.9,17.5,11.4
4021,6.9,30.0,8.7,12.2,5.8
4023,16.2,31.9,4.7,10.8,5.5
4025,3.6,28.1,7.7,14.6,9.3
4027,15.8,28.3,6.5,8.2,4.8
5000,7.2,35.4,5.6,12.6,6.3
5001,9.6,37.7,6.2,7.9,4.9
5003,5.9,43.0,4.2,10.8,3.2
5005,5.6,38.6,6.8,8.7,4.6
5007,7.7,31.2,5.9,17.4,7.5
5009,6.0,41.7,6.7,10.0,4.6
5011,23.9,36.6,2.4,6.6,2.8
5013,7.8,45.0,7.8,7.3,2.7
5015,11.1,35.4,5.3,9.9,5.2
5017,11.9,43.9,2.2,6.5,3.5
5019,8.8,34.8,6.0,12.9,8.1
5021,13.3,39.6,5.4,6.0,3.3
5023,7.8,37.8,6.2,9.8,3.8
5025,5.3,48.3,6.1,10.2,2.4
5027,4.7,38.9,5.4,12.9,6.7
5029,7.9,44.4,5.1,10.1,4.3
5031,6.9,35.9,4.2,14.3,8.3
5033,8.4,34.6,7.6,8.1,3.7
5035,7.6,34.6,4.9,11.2,3.6
5037,8.3,40.8,4.9,10.2,3.1
5039,8.1,42.9,4.8,9.5,4.2
5041,13.5,37.5,4.3,9.0,3.3
5043,5.8,35.6,4.3,13.8,6.0
5045,4.8,31.9,6.0,18.0,8.6
5047,7.0,41.3,5.7,8.8,4.2
5049,8.1,45.0,5.1,6.1,3.0
5051,5.2,33.2,7.2,13.4,6.2
5053,4.6,44.6,5.3,10.6,6.0
5055,8.5,42.4,3.8,9.0,3.7
5057,7.8,40.4,3.7,10.0,3.9
5059,6.7,38.8,8.4,8.0,3.7
5061,8.5,41.5,4.6,8.3,4.1
5063,6.9,39.0,5.9,9.1,5.4
5065,7.1,40.3,5.7,7.6,4.7
5067,10.5,41.5,4.1,5.8,2.6
5069,6.1,38.2,4.3,11.5,5.1
5071,11.8,40.1,2.1,9.3,4.6
5073,8.9,42.6,3.6,8.4,3.2
5075,11.4,39.0,4.3,7.3,3.3
5077,10.3,37.4,3.5,6.4,2.0
5079,11.6,43.6,3.1,7.4,3.0
5081,9.3,36.4,7.3,9.1,3.6
5083,9.0,42.6,5.3,7.4,3.2
5085,5.8,35.6,7.0,12.1,4.4
5087,10.3,41.4,3.9,9.1,4.4
5089,3.9,40.5,6.3,9.5,5.8
5091,7.1,39.7,4.9,9.8,4.0
5093,10.0,37.7,5.9,8.1,2.9
5095,16.0,32.7,5.4,7.7,3.3
5097,6.7,41.9,8.1,7.1,3.5
5099,4.7,37.2,7.6,6.7,6.3
5101,10.4,41.1,4.1,9.3,2.9
5103,6.2,39.9,6.2,8.9,3.1
5105,5.4,47.6,4.9,6.6,4.8
5107,10.5,30.9,9.8,8.2,2.8
5109,10.0,37.7,5.1,6.2,4.8
5111,12.8,44.6,4.5,6.0,2.9
5113,7.0,37.6,6.5,5.8,3.9
5115,7.4,35.6,4.4,13.4,6.5
5117,8.6,47.5,2.5,7.3,2.3
5119,3.9,28.1,5.9,19.2,11.7
5121,10.1,39.8,5.7,6.8,3.0
5123,9.6,37.5,5.4,6.1,3.3
5125,4.9,35.4,6.3,15.2,6.5
5127,10.0,45.6,4.2,6.4,2.6
5129,11.9,38.6,4.5,6.6,3.0
5131,8.0,32.7,7.1,12.0,5.4
5133,18.4,33.7,5.3,6.1,3.2
5135,7.5,43.1,4.2,7.1,3.2
5137,12.3,41.0,7.3,4.4,2.5
5139,5.8,37.8,7.8,10.5,5.4
5141,7.6,37.5,5.6,9.5,4.2
5143,7.4,28.2,4.8,18.2,10.3
5145,7.7,39.3,4.8,10.3,6.2
5147,11.6,45.4,2.9,8.4,1.8
5149,13.7,41.9,3.1,5.3,2.7
6000,10.4,21.9,7.6,19.1,10.7
6001,7.6,20.6,7.2,23.9,16.0
6003,0.7,24.8,6.9,13.1,13.7
6005,3.1,30.5,9.1,13.4,6.1
6007,5.1,24.1,8.9,16.5,8.4
6009,2.8,31.7,9.4,12.5,6.8
6011,21.1,24.8,8.4,9.2,3.7
6013,5.7,20.2,8.1,24.2,13.4
6015,6.3,30.0,8.1,10.3,4.7
6017,2.6,22.9,10.3,21.1,10.0
6019,16.2,23.3,7.6,13.3,6.1
6021,15.6,26.3,6.0,11.2,3.3
6023,3.2,26.2,8.9,17.9,9.0
6025,20.4,24.3,6.8,7.7,4.3
6027,4.0,29.8,8.8,13.7,7.4
6029,14.7,27.5,7.0,9.9,4.7
6031,16.3,29.0,7.7,8.3,3.2
6033,5.0,33.8,7.7,11.3,4.8
6035,5.5,28.8,10.6,8.1,3.4
6037,14.0,21.7,6.8,18.7,9.7
6039,16.6,25.9,6.8,8.8,4.0
6041,3.8,13.3,6.2,31.5,22.4
6043,1.9,32.5,10.9,12.1,6.0
6045,7.3,25.8,10.0,14.4,8.9
6047,20.1,25.5,6.9,8.6,4.0
6049,4.7,30.9,10.1,11.1,3.3
6051,4.9,27.0,10.7,17.3,12.2
6053,18.7,20.9,7.2,14.5,9.1
6055,9.8,21.4,8.4,19.8,10.5
6057,1.9,22.8,10.6,21.5,11.0
6059,9.2,19.0,7.9,23.0,12.2
6061,3.0,21.4,10.7,22.8,10.6
6063,2.0,28.3,9.9,14.3,6.5
6065,10.0,26.5,7.5,13.3,7.1
6067,6.9,22.8,9.0,19.0,8.8
6069,17.0,23.8,8.1,12.6,5.1
6071,10.2,27.1,8.3,12.0,6.2
6073,7.3,20.2,8.0,21.3,12.7
6075,8.4,14.6,5.5,31.7,19.4
6077,12.3,27.2,8.2,12.1,5.0
6079,4.6,22.3,10.2,19.1,10.9
6081,6.4,18.2,7.7,26.9,16.7
6083,11.7,19.1,8.4,18.6,12.6
6085,7.6,17.1,7.6,25.2,18.7
6087,8.8,16.6,7.9,24.0,14.7
6089,3.2,27.6,10.1,13.1,6.4
6091,1.5,34.9,9.8,11.8,9.1
6093,3.6,26.8,9.5,14.6,7.4
6095,6.5,24.5,10.6,16.9,7.0
6097,7.1,21.5,8.6,20.1,10.9
6099,13.3,28.2,7.0,11.1,5.0
6101,10.7,25.3,10.6,12.9,5.6
6103,8.0,30.3,7.3,8.9,4.0
6105,2.3,29.6,11.4,14.5,3.6
6107,20.9,25.1,7.5,8.8,4.1
6109,2.5,29.4,10.5,11.6,6.1
6111,10.1,20.3,8.2,19.2,11.1
6113,8.1,21.1,7.3,19.6,17.2
6115,9.5,27.1,9.8,9.3,3.6
8000,4.5,23.7,7.6,22.9,12.6
8001,7.8,30.6,7.8,14.3,5.7
8003,9.6,26.6,5.3,13.6,13.0
8005,4.0,22.0,7.6,24.9,13.2
8007,2.8,22.9,9.2,22.1,13.0
8009,6.4,33.3,8.9,12.8,4.3
8011,7.7,34.5,8.1,10.3,4.2
8013,3.4,13.8,5.4,32.3,24.3
8014,1.2,20.9,10.1,28.0,14.0
8015,2.4,32.1,6.9,19.0,10.5
8017,7.3,33.5,10.8,14.9,5.8
8019,1.3,23.0,10.0,27.1,13.2
8021,9.8,34.5,5.8,11.0,6.2
8023,13.1,33.9,2.1,9.1,7.9
8025,8.8,33.6,4.7,12.3,2.3
8027,0.8,31.5,9.0,21.2,8.5
8029,6.2,35.3,6.8,12.3,6.4
8031,7.5,21.0,5.0,23.9,15.3
8033,1.2,46.1,5.5,6.9,7.0
8035,0.8,13.8,8.5,36.5,17.1
8037,6.4,19.5,5.2,35.9,11.1
8039,1.2,30.6,10.2,18.9,8.6
8041,2.5,22.8,9.7,21.6,13.3
8043,8.4,34.7,5.6,11.2,5.4
8045,7.0,30.4,7.4,17.2,7.9
8047,0.4,30.0,7.6,19.5,17.0
8049,2.4,32.5,10.9,20.0,7.3
8051,3.3,22.9,6.4,32.5,11.6
8053,0.0,33.7,12.0,7.9,12.8
8055,7.9,30.7,7.0,16.4,6.8
8057,3.4,36.4,5.3,17.1,5.3
8059,2.2,22.8,7.9,25.3,13.2
8061,5.4,33.3,10.0,16.5,3.4
8063,10.4,37.7,8.4,7.8,5.4
8065,10.4,27.7,13.5,13.0,7.1
8067,1.8,21.6,6.3,26.6,14.9
8069,2.5,21.4,7.8,25.2,16.2
8071,6.5,27.3,12.9,12.6,6.2
8073,6.8,36.8,7.9,12.5,3.5
8075,6.3,32.2,11.5,12.4,5.3
8077,3.7,31.6,8.5,16.3,8.4
8079,0.0,39.3,4.8,22.3,11.2
8081,4.0,40.2,7.6,9.8,4.9
8083,3.3,30.6,5.8,15.3,9.1
8085,6.8,34.9,7.3,13.8,6.5
8087,12.4,35.2,6.9,9.7,4.7
8089,9.8,32.6,9.1,11.1,5.0
8091,1.5,21.5,6.2,26.1,13.8
8093,1.8,29.2,7.3,21.8,9.6
8095,10.6,33.8,9.4,9.7,5.4
8097,2.2,12.0,5.5,41.9,17.1
8099,11.1,32.3,8.7,10.3,6.8
8101,4.8,29.2,9.6,13.8,7.2
8103,1.6,30.9,12.1,19.6,6.1
8105,8.6,31.0,7.2,14.5,6.1
8107,0.4,20.0,8.1,33.5,13.4
8109,14.0,28.7,5.2,11.2,7.8
8111,0.0,27.6,0.0,31.0,14.2
8113,3.1,18.1,6.4,35.2,10.8
8115,9.6,34.9,8.7,8.2,5.7
8117,2.8,20.8,7.5,35.1,13.8
8119,1.8,25.8,8.1,19.2,12.4
8121,7.7,35.4,8.0,13.0,4.2
8123,7.1,27.2,8.8,18.2,7.6
8125,8.1,33.6,8.2,14.8,4.3
9000,4.7,28.8,7.3,19.9,15.2
9001,5.3,23.9,6.2,24.7,18.8
9003,5.5,29.1,7.5,19.0,13.8
9005,2.8,30.9,8.7,19.5,12.9
9007,2.7,28.2,8.4,20.6,16.3
9009,4.5,31.2,7.0,17.5,14.5
9011,3.2,32.3,8.3,17.2,13.5
9013,2.3,27.7,8.9,19.9,16.1
9015,6.0,36.7,7.0,13.2,8.4
10000,4.3,32.2,7.3,16.6,10.9
10001,4.6,35.7,7.3,12.4,7.0
10003,3.9,29.5,7.3,19.2,12.9
10005,5.2,37.0,7.4,12.7,8.6
11000,5.6,20.7,3.2,20.8,26.4
11001,5.6,20.7,3.2,20.8,26.4
12000,5.7,30.5,8.4,16.6,9.0
12001,3.9,22.1,10.3,19.6,19.7
12003,6.0,48.9,8.0,4.2,2.5
12005,4.0,31.3,9.5,12.8,7.4
12007,5.1,41.7,7.2,5.1,5.1
12009,2.4,29.6,10.4,16.7,9.8
12011,4.8,29.3,8.6,19.2,10.1
12013,10.3,40.4,5.3,7.1,3.8
12015,3.0,36.0,8.0,13.0,7.8
12017,4.5,38.5,7.2,10.7,6.0
12019,2.7,31.4,10.2,15.7,7.2
12021,7.2,28.4,6.2,18.9,11.7
12023,6.0,36.5,8.4,9.2,5.2
12027,20.1,33.4,4.3,5.2,4.2
12029,11.0,42.3,3.6,3.0,2.8
12031,3.6,30.7,8.7,17.0,8.2
12033,3.8,29.4,9.2,15.3,8.4
12035,2.9,33.3,9.0,14.4,6.4
12037,7.0,38.1,5.3,13.0,6.3
12039,8.5,38.7,5.8,7.7,3.7
12041,6.1,46.4,7.2,4.4,3.7
12043,9.8,35.4,5.3,6.8,4.0
12045,4.3,38.8,6.2,7.3,6.1
12047,11.0,40.0,6.2,5.4,3.1
12049,24.4,33.7,2.3,5.7,2.2
12051,23.3,35.9,3.6,5.7,2.1
12053,3.9,38.3,7.6,10.9,5.2
12055,8.9,36.9,5.8,9.1,4.7
12057,5.3,28.2,9.4,19.0,9.7
12059,8.8,44.6,4.4,8.0,2.8
12061,4.9,29.5,8.0,16.7,9.7
12063,10.0,34.8,7.4,8.1,4.4
12065,6.8,38.0,7.2,10.2,7.0
12067,6.5,43.9,7.4,4.5,2.2
12069,4.6,35.4,7.9,12.9,6.6
12071,4.6,32.2,7.3,16.0,8.9
12073,2.9,21.1,7.9,23.7,17.3
12075,6.2,38.9,8.1,9.2,3.1
12077,7.1,45.2,4.6,8.5,2.5
12079,10.5,40.8,5.7,7.8,3.3
12081,4.6,31.8,8.1,16.4,9.5
12083,4.5,37.5,8.2,10.9,5.9
12085,4.1,29.0,8.7,18.3,10.3
12086,12.4,27.5,8.2,16.5,9.4
12087,3.5,28.0,9.2,19.1,9.5
12089,3.6,37.7,6.7,12.7,7.6
12091,2.9,27.2,10.8,17.3,10.1
12093,14.7,34.9,5.6,7.7,3.0
12095,5.1,27.7,10.1,20.4,9.2
12097,5.9,35.7,9.4,12.9,5.6
12099,5.7,27.0,7.8,19.9,11.4
12101,4.3,36.4,8.1,13.3,5.7
12103,3.4,30.4,8.6,17.8,9.0
12105,6.1,36.9,7.7,12.3,5.7
12107,7.0,41.5,6.2,8.5,4.4
12109,2.4,23.4,8.2,24.3,13.3
12111,5.7,34.6,8.1,11.7,6.4
12113,3.8,30.3,9.2,16.4,7.5
12115,2.9,30.8,7.6,17.8,11.1
12117,2.9,25.5,9.6,22.6,10.6
12119,5.4,38.3,6.7,9.3,5.7
12121,8.0,43.9,7.6,5.7,3.1
12123,5.5,41.6,6.9,6.5,4.2
12125,6.5,44.5,5.9,6.2,3.0
12127,3.9,33.9,9.3,13.3,7.2
12129,3.5,37.2,7.3,10.3,6.9
12131,4.8,29.3,6.9,16.9,8.0
12133,7.8,40.3,5.2,8.1,3.9
13000,6.2,29.7,6.4,17.5,9.6
13001,6.2,43.2,5.9,5.5,3.2
13003,16.7,40.9,5.4,3.6,3.6
13005,11.1,44.4,4.2,3.6,4.3
13007,5.5,36.6,5.8,8.9,1.3
13009,8.3,36.0,5.1,9.7,8.4
13011,10.6,42.3,4.0,5.7,3.9
13013,7.8,32.8,7.2,9.1,4.7
13015,6.9,38.6,4.8,10.7,6.1
13017,9.7,36.2,4.2,7.4,6.1
13019,12.2,31.2,7.9,8.1,3.6
13021,5.7,31.0,6.2,14.8,7.9
13023,8.4,42.4,6.7,4.7,7.2
13025,8.3,47.0,5.3,3.5,2.6
13027,6.9,36.9,7.2,11.6,5.4
13029,2.5,29.7,8.4,19.4,7.4
13031,5.0,31.7,5.1,13.9,10.8
13033,10.7,38.8,3.5,5.5,4.1
13035,6.0,46.2,4.6,5.2,3.0
13037,10.3,36.9,6.4,6.9,2.2
13039,2.8,34.5,8.5,11.7,7.5
13043,15.3,39.2,4.9,7.6,3.4
13045,6.8,35.4,5.7,11.1,6.4
13047,6.7,32.7,8.2,11.4,5.1
13049,6.8,46.4,3.8,3.9,1.8
13051,3.9,30.0,7.6,19.0,10.0
13053,2.4,20.1,14.8,24.5,7.0
13055,11.5,38.4,6.0,5.2,2.8
13057,3.9,25.4,7.6,23.9,8.5
13059,5.3,22.2,4.7,21.4,19.7
13061,9.9,40.7,11.0,5.3,5.0
13063,5.9,34.8,6.1,12.5,5.1
13065,10.7,35.6,4.2,8.8,6.8
13067,4.2,21.2,6.2,29.0,14.0
13069,8.5,37.4,7.3,7.0,5.1
13071,11.1,37.6,5.7,7.0,4.1
13073,2.6,26.8,8.7,21.3,12.9
13075,9.2,38.1,5.2,7.0,3.0
13077,4.8,33.3,7.3,16.7,7.9
13079,7.5,36.6,8.6,9.2,2.0
13081,8.2,39.0,5.2,5.9,6.0
13083,8.2,31.8,6.4,10.6,6.0
13085,4.3,42.8,5.4,11.1,5.5
13087,7.8,35.4,7.8,7.8,5.6
13089,5.7,23.5,6.4,23.1,14.5
13091,7.3,43.8,5.7,8.0,4.8
13093,10.0,41.3,5.2,5.9,3.6
13095,6.4,29.3,6.8,12.7,7.8
13097,4.4,33.6,6.7,15.4,7.6
13099,8.9,37.3,8.7,6.9,5.6
13101,18.1,44.5,3.0,3.1,2.0
13103,4.8,43.6,5.5,8.9,4.9
13105,8.8,43.9,5.8,5.3,3.9
13107,13.0,37.0,6.4,4.1,4.9
13109,9.6,34.5,6.3,8.3,4.5
13111,9.4,40.4,6.1,7.9,7.8
13113,1.8,23.2,7.3,26.1,14.8
13115,9.9,32.5,5.0,10.7,7.3
13117,4.4,19.6,7.5,31.4,12.6
13119,7.1,40.7,5.4,8.1,5.0
13121,4.4,20.7,4.6,29.1,16.8
13123,13.6,36.6,3.9,8.4,3.7
13125,13.9,40.5,5.4,5.3,1.4
13127,4.0,31.5,6.4,17.4,9.1
13129,10.9,39.1,4.3,7.8,3.9
13131,8.3,41.6,7.0,7.3,4.0
13133,9.8,38.0,3.6,13.6,7.1
13135,6.0,23.7,8.4,24.1,11.1
13137,12.1,31.8,5.0,11.5,7.3
13139,12.7,30.1,6.0,13.2,6.6
13141,17.8,38.3,4.6,6.8,2.5
13143,9.0,37.6,5.2,6.7,3.3
13145,4.1,30.6,8.7,15.3,10.4
13147,9.5,37.3,6.5,9.1,5.5
13149,7.7,42.7,7.6,3.7,2.1
13151,2.7,33.1,8.2,15.7,7.8
13153,3.9,29.5,8.9,15.2,9.9
13155,14.4,33.6,6.5,2.9,5.2
13157,8.6,37.2,6.0,8.5,6.1
13159,5.7,42.5,5.7,8.0,4.9
13161,10.3,43.6,5.0,7.2,4.2
13163,11.4,42.7,4.5,6.4,2.5
13165,13.8,34.2,7.5,5.4,6.4
13167,12.9,35.0,4.9,4.9,4.1
13169,6.8,37.1,6.8,12.8,6.0
13171,8.5,40.9,5.1,6.6,3.1
13173,6.2,37.7,8.5,5.0,2.9
13175,7.4,40.1,6.2,9.1,7.4
13177,5.1,32.6,7.7,9.5,7.5
13179,3.2,34.4,10.7,10.1,5.1
13181,9.3,42.7,6.7,6.0,2.9
13183,6.1,37.9,4.5,10.2,0.9
13185,5.6,31.0,7.5,13.9,8.9
13187,7.7,34.3,5.5,13.1,6.2
13189,8.5,37.9,5.6,6.8,4.8
13191,8.9,39.3,4.6,8.1,4.8
13193,12.6,33.7,6.8,7.5,5.2
13195,7.6,39.7,4.9,8.2,4.7
13197,7.9,51.6,5.4,2.7,3.2
13199,8.4,42.5,3.5,6.5,4.4
13201,9.9,46.6,4.2,6.1,4.0
13205,10.1,36.7,6.1,6.4,3.1
13207,7.0,36.8,4.8,13.4,7.7
13209,5.0,39.4,8.2,11.1,6.1
13211,6.1,34.6,5.4,14.7,8.3
13213,12.9,39.8,3.3,3.8,2.9
13215,4.9,29.3,7.9,13.8,8.3
13217,5.9,33.3,7.1,12.3,6.7
13219,2.9,20.0,5.5,22.8,21.2
13221,7.4,33.8,5.6,5.9,5.7
13223,3.5,37.3,6.5,14.9,5.3
13225,7.9,31.8,7.3,12.6,6.8
13227,7.5,32.8,5.4,15.1,8.2
13229,10.4,40.3,5.2,4.5,3.8
13231,3.7,42.4,5.1,8.8,4.6
13233,11.9,37.0,4.4,6.7,4.7
13235,5.9,42.3,5.4,4.8,2.5
13237,5.6,35.5,6.9,11.3,6.2
13239,11.8,34.6,5.6,11.8,1.0
13241,7.7,29.8,4.8,13.7,10.0
13243,8.5,36.4,10.9,6.8,6.2
13245,5.7,31.9,7.3,12.4,7.3
13247,5.6,30.9,8.7,14.9,8.3
13249,7.7,35.1,11.5,6.7,3.3
13251,9.2,41.9,3.7,7.0,4.8
13253,8.5,37.9,6.6,5.7,4.9
13255,8.0,37.1,5.1,9.0,4.5
13257,8.8,38.6,5.1,8.6,5.9
13259,12.1,39.0,8.6,5.0,3.7
13261,11.3,31.7,5.9,11.9,7.4
13263,8.6,45.2,4.5,5.7,5.0
13265,11.5,42.9,6.1,4.8,2.6
13267,11.8,45.1,3.5,7.3,4.8
13269,13.6,33.3,6.1,5.0,2.6
13271,11.8,46.1,7.3,4.0,3.6
13273,9.6,31.9,7.7,4.6,5.6
13275,6.3,36.4,5.5,11.9,7.4
13277,8.7,30.9,7.8,8.7,7.2
13279,10.7,39.5,5.6,8.5,4.8
13281,5.5,37.9,8.1,11.9,8.4
13283,12.9,39.6,4.9,6.8,1.5
13285,7.4,34.4,5.1,12.5,6.8
13287,8.8,33.0,4.3,7.2,5.0
13289,11.4,33.3,5.4,5.4,3.2
13291,6.5,31.5,6.7,12.5,7.5
13293,8.2,39.6,5.0,7.2,4.2
13295,9.0,34.7,6.6,8.5,3.7
13297,6.2,36.5,5.8,11.6,5.2
13299,7.2,41.1,6.1,6.3,5.5
13301,16.3,42.3,5.9,2.6,2.1
13303,10.2,39.8,3.7,6.7,4.9
13305,7.6,40.4,5.5,7.0,4.2
13307,10.1,42.8,7.6,5.1,2.5
13309,13.1,44.4,4.7,3.6,3.9
13311,6.2,35.2,7.0,9.4,9.1
13313,17.0,29.1,5.0,9.7,5.9
13315,8.3,41.4,4.5,5.6,2.0
13317,10.5,39.9,4.1,8.8,5.7
13319,9.1,47.8,4.6,9.7,3.3
13321,8.6,40.3,3.8,6.1,3.7
15000,5.0,29.3,9.8,19.5,9.7
15001,3.6,31.9,10.7,18.1,8.1
15003,5.0,28.3,9.7,20.3,10.4
15005,11.5,12.8,15.4,5.1,20.5
15007,6.6,31.4,11.1,16.4,7.1
15009,5.7,31.1,9.1,17.8,8.0
16000,4.5,29.3,8.4,16.4,7.4
16001,2.3,23.6,7.8,23.5,10.7
16003,2.9,39.2,5.1,12.7,7.2
16005,2.8,26.4,8.3,17.7,9.3
16007,2.1,39.1,8.2,11.7,3.8
16009,2.4,44.3,6.8,6.7,4.3
16011,6.5,33.3,8.1,12.0,4.3
16013,5.6,21.0,6.7,27.8,12.9
16015,3.5,30.9,6.4,14.7,8.3
16017,1.8,34.9,9.3,13.8,6.8
16019,3.3,27.5,9.4,17.6,8.4
16021,5.8,40.6,5.4,11.4,3.0
16023,2.8,32.2,8.7,13.3,5.1
16025,3.9,32.9,5.2,16.9,4.4
16027,8.7,33.1,6.7,11.8,4.1
16029,3.6,35.9,10.1,14.0,4.2
16031,10.4,27.0,7.9,11.3,4.8
16033,21.5,41.5,2.3,7.6,0.0
16035,4.5,40.8,8.2,10.1,5.3
16037,3.2,39.5,5.2,20.6,4.4
16039,5.2,30.5,11.9,9.6,3.6
16041,2.5,40.3,6.6,10.6,5.6
16043,7.7,28.3,10.7,15.9,4.9
16045,6.6,34.1,8.2,7.2,3.1
16047,9.5,35.8,5.7,9.4,3.5
16049,6.0,42.0,6.2,9.6,3.3
16051,5.4,28.7,10.9,12.0,4.5
16053,11.9,30.3,6.1,8.7,3.1
16055,2.0,30.3,10.4,15.7,6.2
16057,2.3,23.5,6.2,23.5,18.6
16059,2.4,29.9,10.5,14.3,9.5
16061,2.3,39.7,11.1,11.0,3.1
16063,9.5,35.2,5.8,8.1,4.2
16065,2.6,19.1,15.7,19.5,11.6
16067,13.7,32.8,8.7,7.0,3.6
16069,3.5,34.6,9.6,13.5,5.3
16071,3.6,34.6,11.2,10.8,5.3
16073,14.8,34.3,7.7,9.0,1.6
16075,6.1,37.0,7.5,9.7,4.8
16077,10.8,27.9,7.6,14.7,5.7
16079,4.7,36.4,7.1,7.9,4.0
16081,6.3,23.1,9.4,21.5,6.4
16083,6.3,29.9,10.1,11.5,5.1
16085,3.2,31.3,5.6,21.1,10.5
16087,8.9,32.3,4.2,12.6,4.8
17000,6.3,28.1,7.2,18.6,11.2
17001,3.7,39.2,7.0,14.6,6.7
17003,9.4,38.5,7.4,7.5,2.3
17005,4.7,36.4,7.8,14.5,9.2
17007,5.8,40.0,6.3,12.9,6.3
17009,6.2,36.4,7.6,7.5,4.2
17011,4.3,41.5,9.0,10.2,5.7
17013,7.9,44.1,8.7,7.8,5.5
17015,4.6,41.8,6.4,10.2,5.6
17017,10.1,45.4,4.1,8.9,3.7
17019,2.8,24.5,7.8,20.3,20.1
17021,4.9,41.9,7.3,9.3,4.0
17023,5.1,40.2,11.3,9.4,5.0
17025,6.3,42.0,10.5,9.7,5.9
17027,8.6,31.0,12.3,11.6,5.9
17029,4.0,36.1,8.3,12.2,9.4
17031,8.4,24.9,6.2,19.8,12.9
17033,5.6,37.6,11.9,10.0,3.7
17035,6.0,41.7,11.9,7.7,5.4
17037,3.5,30.6,8.2,16.7,10.8
17039,2.0,45.1,5.0,13.7,3.7
17041,9.3,37.5,6.7,10.9,5.2
17043,3.7,20.7,6.9,27.5,16.9
17045,3.8,42.0,8.4,12.3,5.1
17047,3.5,36.6,16.0,7.1,5.8
17049,5.9,37.6,11.9,14.2,5.2
17051,7.6,42.7,8.1,7.9,5.0
17053,4.6,42.2,8.1,13.4,4.5
17055,5.7,34.9,10.0,9.2,4.2
17057,5.0,38.0,8.7,9.2,4.1
17059,7.5,39.6,7.4,6.2,3.5
17061,5.7,43.6,7.2,8.6,4.7
17063,2.9,36.1,10.6,12.3,5.3
17065,11.2,36.8,11.0,6.1,3.9
17067,3.8,39.7,7.5,13.3,6.1
17069,11.5,31.2,10.3,8.1,2.3
17071,4.0,45.1,9.2,9.1,3.6
17073,3.4,34.8,8.5,13.4,7.0
17075,6.1,42.1,7.8,10.0,4.4
17077,4.6,26.5,7.0,16.1,19.1
17079,5.7,39.5,12.0,8.2,4.5
17081,6.3,36.1,9.3,8.8,5.5
17083,5.3,38.1,9.1,9.9,6.3
17085,4.7,40.0,7.4,13.2,8.1
17087,6.2,33.5,7.1,10.4,3.7
17089,8.8,25.4,7.2,20.8,10.1
17091,5.9,35.2,8.9,10.6,6.5
17093,3.6,27.6,8.6,20.6,10.0
17095,4.2,37.6,9.8,10.2,5.5
17097,6.3,21.4,5.9,24.5,16.4
17099,4.1,39.5,8.7,10.2,5.3
17101,4.9,37.3,13.0,9.0,2.7
17103,5.6,36.6,9.4,10.6,5.0
17105,4.7,43.0,7.5,9.7,4.2
17107,4.2,38.8,6.9,13.0,4.9
17109,3.4,30.5,5.6,17.6,15.3
17111,3.7,28.6,7.4,21.2,10.0
17113,2.2,26.8,6.5,27.6,12.3
17115,3.4,36.5,7.4,13.6,6.5
17117,5.0,38.5,7.7,9.4,5.1
17119,3.9,33.4,8.3,14.7,7.9
17121,6.9,35.9,10.2,8.6,4.9
17123,3.4,40.8,8.9,12.3,3.9
17125,5.1,38.4,7.2,10.3,6.1
17127,5.5,34.1,10.4,9.5,3.8
17129,3.3,39.2,6.4,15.7,9.5
17131,2.9,42.3,10.2,9.4,3.6
17133,4.4,32.1,10.6,16.4,8.0
17135,5.5,41.6,7.6,9.2,3.8
17137,5.0,38.2,6.3,13.1,8.2
17139,11.6,40.1,9.6,8.8,4.3
17141,4.6,37.8,8.3,11.9,5.6
17143,3.9,29.8,8.4,18.0,9.8
17145,6.3,38.0,9.0,8.0,4.1
17147,4.5,37.1,9.1,14.3,7.3
17149,3.3,44.9,8.3,10.1,3.7
17151,7.5,37.2,8.7,6.2,3.0
17153,10.4,35.8,9.6,6.9,3.2
17155,2.5,38.0,10.9,8.7,4.6
17157,7.6,40.5,7.2,8.5,3.4
17159,4.8,36.5,13.4,11.9,5.5
17161,4.3,32.9,8.8,14.1,7.0
17163,4.3,29.1,9.5,14.8,8.4
17165,8.1,30.7,10.6,10.5,4.2
17167,3.3,30.0,8.0,18.8,11.1
17169,4.8,44.4,5.9,11.2,5.2
17171,4.0,42.7,6.6,14.7,3.6
17173,4.3,42.9,9.5,10.0,5.1
17175,2.9,40.7,8.5,10.5,3.3
17177,3.3,36.0,9.8,11.1,6.3
17179,3.5,33.2,9.5,16.2,6.0
17181,13.7,29.7,8.3,11.8,6.2
17183,4.6,40.7,8.7,9.0,4.2
17185,5.1,30.7,18.0,10.3,3.6
17187,3.8,36.7,7.4,13.0,6.4
17189,8.5,34.4,11.3,11.0,5.5
17191,6.6,36.1,15.2,7.3,3.5
17193,5.9,35.4,13.1,9.8,4.9
17195,6.7,38.0,9.3,10.3,4.7
17197,4.5,29.3,7.9,19.0,10.0
17199,4.3,32.9,9.7,13.9,6.7
17201,5.6,34.2,7.6,13.6,6.8
17203,3.2,32.8,9.6,17.1,8.0
18000,4.4,36.5,7.2,14.0,7.9
18001,9.1,43.4,8.1,8.4,4.0
18003,4.4,32.1,9.2,17.0,7.7
18005,4.0,37.0,7.5,15.1,10.7
18007,3.0,47.9,6.2,8.1,5.7
18009,2.8,47.1,4.7,7.6,4.6
18011,2.2,30.9,7.9,20.5,14.1
18013,2.1,39.3,6.8,13.1,8.2
18015,4.0,48.1,6.3,9.7,3.5
18017,6.3,45.0,5.1,8.5,5.1
18019,4.6,36.7,7.9,11.1,5.7
18021,3.3,44.3,9.5,8.6,4.6
18023,7.9,44.2,6.5,8.3,3.9
18025,5.6,50.0,6.3,5.4,4.7
18027,13.2,38.2,8.6,6.7,4.9
18029,3.5,44.7,6.9,11.8,5.2
18031,5.1,45.4,5.3,8.7,5.8
18033,3.6,43.7,7.6,10.6,5.7
18035,4.2,37.5,5.9,12.3,9.3
18037,6.2,42.2,8.0,12.0,8.1
18039,8.1,36.5,5.5,11.7,5.8
18041,7.9,44.0,6.4,4.7,3.8
18043,4.2,35.7,7.6,13.5,7.8
18045,4.5,44.8,8.5,7.4,4.1
18047,4.7,43.3,8.5,11.5,6.2
18049,4.3,47.4,6.1,8.2,4.8
18051,3.3,43.6,10.7,9.5,4.7
18053,4.9,42.4,7.5,9.3,6.5
18055,3.6,45.0,9.5,6.0,4.9
18057,1.2,18.7,6.5,35.2,17.4
18059,1.5,36.6,8.4,15.5,8.3
18061,3.5,45.0,6.6,9.1,4.0
18063,1.8,32.4,9.1,20.8,9.4
18065,5.5,44.2,6.5,8.6,4.5
18067,4.0,37.6,6.5,10.8,8.0
18069,3.2,45.6,7.7,9.6,5.8
18071,5.5,43.8,7.1,9.0,4.6
18073,3.8,45.0,5.9,10.7,4.9
18075,4.2,47.8,7.5,7.6,3.7
18077,4.4,40.1,4.8,10.0,8.1
18079,6.3,46.8,6.4,5.3,2.3
18081,3.0,36.0,7.9,16.5,7.8
18083,4.9,36.7,14.0,9.4,5.6
18085,5.8,40.0,5.9,12.3,6.9
18087,26.4,32.0,4.3,6.7,3.1
18089,5.1,37.4,7.1,12.2,6.2
18091,3.9,40.2,7.8,10.9,5.7
18093,5.6,47.0,5.5,7.6,4.6
18095,4.0,42.2,6.7,10.5,5.9
18097,4.8,29.8,6.4,18.1,9.6
18099,6.6,41.4,7.0,10.2,6.7
18101,6.2,43.7,10.4,5.7,3.1
18103,5.7,42.6,6.8,6.8,4.2
18105,2.7,25.3,5.7,20.4,19.8
18107,3.4,43.8,5.9,11.8,6.8
18109,4.0,41.2,7.9,9.3,4.6
18111,4.3,47.2,8.0,6.0,3.6
18113,7.2,42.0,7.7,8.3,4.9
18115,3.3,49.0,6.1,7.0,3.9
18117,8.3,46.1,4.6,6.0,5.0
18119,4.5,49.6,5.9,5.7,3.1
18121,6.7,41.4,6.6,7.6,3.6
18123,5.7,48.1,7.4,4.7,3.9
18125,4.7,46.2,10.9,7.1,2.1
18127,2.5,37.2,7.7,15.6,8.5
18129,3.7,40.8,8.9,10.8,6.6
18131,3.6,48.2,6.1,8.9,4.9
18133,3.6,40.5,6.8,8.7,7.4
18135,3.9,49.3,7.4,6.0,4.0
18137,5.7,45.3,8.3,9.9,4.3
18139,4.9,49.7,5.0,7.5,4.8
18141,3.7,32.8,6.7,15.8,9.9
18143,10.7,43.7,5.6,6.0,3.4
18145,3.6,44.7,7.6,9.9,4.4
18147,5.0,43.2,9.1,9.2,7.0
18149,5.9,44.4,6.0,6.0,4.7
18151,2.8,43.3,8.3,11.5,6.8
18153,2.6,46.3,9.4,9.3,3.9
18155,5.2,47.9,4.8,6.7,4.4
18157,3.2,29.8,6.9,18.4,15.6
18159,3.2,47.1,6.4,9.3,4.8
18161,5.2,45.7,6.0,9.8,3.6
18163,3.9,34.4,7.9,14.1,7.2
18165,4.5,45.7,9.0,7.8,4.3
18167,3.6,34.5,7.7,12.5,9.6
18169,4.0,45.7,5.2,10.1,6.7
18171,4.7,45.3,7.5,7.9,5.9
18173,2.2,33.9,9.9,16.3,8.8
18175,6.7,47.6,5.6,5.1,4.6
18177,4.9,39.4,6.8,9.3,6.1
18179,2.8,43.9,9.8,9.5,4.8
18181,5.1,45.6,8.3,8.5,4.2
18183,2.0,40.5,10.0,11.2,5.3
19000,4.1,34.9,9.5,16.8,7.4
19001,2.6,46.7,11.0,10.2,3.3
19003,3.0,46.4,7.1,11.5,3.8
19005,8.3,46.0,8.6,9.4,4.2
19007,6.8,41.2,9.3,11.0,4.7
19009,6.6,40.9,10.3,9.9,4.4
19011,3.4,41.1,10.8,12.1,4.4
19013,3.7,35.1,9.6,15.9,7.8
19015,3.1,37.2,11.1,14.4,4.9
19017,2.6,35.5,10.2,19.7,7.6
19019,5.6,40.4,10.8,13.5,4.8
19021,10.1,32.7,7.7,15.7,6.7
19023,6.8,44.5,9.5,10.4,3.0
19025,3.1,41.5,10.6,12.5,4.0
19027,6.9,41.3,9.5,15.9,4.2
19029,3.6,45.0,8.7,10.4,3.0
19031,3.0,40.7,10.0,13.5,5.6
19033,2.6,32.5,14.5,15.9,5.7
19035,3.1,41.1,9.0,14.2,4.4
19037,6.0,47.8,9.1,8.7,3.8
19039,7.6,45.3,7.1,7.6,4.6
19041,3.9,37.7,10.4,14.7,3.6
19043,5.4,46.2,9.0,10.6,4.1
19045,4.1,39.2,10.6,12.4,4.7
19047,10.0,42.2,5.4,9.2,4.4
19049,3.6,26.3,10.4,27.3,9.5
19051,9.6,38.0,9.1,12.0,5.2
19053,6.7,40.8,6.7,13.1,4.6
19055,5.2,47.6,8.8,11.0,3.5
19057,2.9,36.2,10.0,12.7,5.8
19059,2.2,33.6,10.0,19.4,8.4
19061,4.5,38.1,7.7,16.3,8.7
19063,6.2,34.7,13.3,12.1,5.1
19065,4.6,44.7,8.9,12.4,3.7
19067,3.7,42.9,9.4,10.3,4.9
19069,8.0,35.3,10.4,11.2,2.9
19071,3.4,42.6,6.6,13.7,3.3
19073,2.9,41.3,8.9,14.0,3.8
19075,4.5,35.8,11.4,16.6,4.5
19077,3.2,40.8,8.3,14.6,4.1
19079,3.0,38.7,11.8,13.2,3.2
19081,6.1,39.3,10.9,11.1,4.3
19083,3.9,35.2,12.9,14.4,6.3
19085,3.1,42.3,9.6,11.1,3.2
19087,4.1,36.9,9.1,14.1,5.5
19089,9.5,45.6,7.1,8.1,2.6
19091,4.4,40.9,11.2,11.5,4.3
19093,4.0,42.7,5.7,13.0,4.9
19095,4.0,41.5,10.4,15.0,3.8
19097,6.8,45.6,7.6,9.9,4.1
19099,4.3,42.2,7.3,12.3,4.9
19101,2.5,33.6,8.8,19.9,11.4
19103,2.2,18.7,8.6,27.4,23.4
19105,4.0,45.9,9.3,11.4,3.7
19107,4.6,45.2,9.3,9.8,3.1
19109,4.3,42.6,10.1,11.7,4.7
19111,4.4,40.2,8.6,10.6,4.5
19113,1.8,29.3,11.0,21.1,8.1
19115,8.5,40.5,9.7,10.0,2.5
19117,5.6,45.7,6.7,8.3,2.2
19119,9.0,39.1,9.6,11.6,3.9
19121,1.8,44.8,10.7,12.3,4.4
19123,5.0,43.0,9.4,12.7,4.4
19125,4.4,40.0,7.7,16.0,7.4
19127,7.3,36.2,10.5,12.3,5.8
19129,11.1,30.2,10.3,15.9,5.0
19131,6.4,41.3,10.7,12.9,4.2
19133,4.0,40.5,9.1,11.6,3.0
19135,4.8,42.2,10.0,10.7,3.4
19137,6.2,41.5,8.0,13.9,3.9
19139,7.1,33.0,10.6,14.6,6.2
19141,6.0,39.4,9.5,13.2,4.5
19143,7.3,44.9,6.2,11.6,3.7
19145,3.8,40.3,7.3,13.1,4.5
19147,6.1,36.3,11.3,11.8,3.6
19149,4.2,39.0,8.7,14.4,6.0
19151,3.3,39.5,11.4,12.8,4.0
19153,3.0,27.3,9.0,24.0,9.4
19155,3.8,38.5,9.1,12.5,5.2
19157,2.8,43.2,8.7,11.8,9.6
19159,2.9,41.8,11.4,14.1,6.0
19161,3.9,44.8,9.1,12.1,4.5
19163,2.9,29.5,9.1,19.8,9.8
19165,5.5,44.9,8.8,12.4,4.2
19167,8.1,35.6,9.0,15.6,6.0
19169,1.6,21.6,8.9,26.5,18.9
19171,5.5,40.2,9.8,12.0,4.7
19173,4.4,45.2,9.1,7.2,5.1
19175,3.0,44.5,8.9,9.5,5.4
19177,9.6,42.7,7.5,10.6,2.7
19179,6.4,39.3,9.3,9.9,4.9
19181,2.2,34.8,9.9,18.4,6.8
19183,6.7,39.6,9.0,13.6,4.3
19185,5.3,45.5,9.1,8.0,2.9
19187,3.7,36.7,11.6,13.4,4.7
19189,3.9,36.8,10.6,12.2,4.4
19191,5.4,36.7,10.2,17.9,8.9
19193,6.1,35.0,8.0,14.4,6.0
19195,3.4,38.0,14.4,11.8,3.7
19197,5.3,39.8,8.6,11.2,3.4
20000,4.2,29.5,7.2,19.0,9.8
20001,3.1,35.2,11.8,11.7,4.5
20003,5.0,42.9,6.2,11.5,3.9
20005,4.6,42.9,4.6,15.1,7.3
20007,2.4,30.2,6.8,14.1,6.7
20009,6.4,31.7,9.0,13.7,6.7
20011,5.7,29.3,12.2,13.8,7.7
20013,4.5,42.0,5.9,11.5,4.8
20015,2.1,30.0,9.6,16.3,7.6
20017,2.9,38.7,3.5,16.0,4.4
20019,5.5,37.8,8.9,13.3,6.2
20021,4.9,39.1,6.8,9.0,5.2
20023,6.5,33.6,5.0,11.1,5.9
20025,2.2,42.6,9.6,15.2,3.1
20027,3.7,36.8,9.8,13.2,5.8
20029,4.8,37.6,9.9,11.8,4.2
20031,3.3,39.8,8.6,13.7,5.3
20033,1.8,43.3,6.7,12.5,4.3
20035,4.9,31.7,11.0,12.8,6.5
20037,4.7,30.9,7.4,15.7,9.6
20039,3.4,43.5,5.2,10.1,6.9
20041,3.5,40.0,6.1,13.6,5.8
20043,6.3,38.1,5.7,11.4,5.1
20045,1.4,20.6,6.0,25.7,21.6
20047,5.5,28.9,9.2,15.6,4.3
20049,6.2,34.5,8.2,12.2,6.9
20051,4.2,27.6,7.3,20.9,11.4
20053,3.0,39.8,7.1,15.9,5.8
20055,15.7,25.2,9.1,11.0,5.7
20057,18.2,25.3,7.5,11.0,5.3
20059,3.0,40.9,6.9,12.5,5.2
20061,2.9,31.8,8.5,13.4,6.3
20063,6.4,43.1,7.2,12.3,4.3
20065,2.3,37.9,8.2,16.8,5.6
20067,13.4,29.5,7.0,11.8,4.2
20069,17.6,29.9,8.5,12.2,3.6
20071,5.5,36.0,9.8,13.6,8.4
20073,1.6,46.2,5.8,9.2,3.5
20075,12.8,30.1,5.0,11.9,3.7
20077,3.5,37.0,6.0,9.1,6.1
20079,4.0,33.9,7.8,15.7,8.9
20081,12.1,34.8,7.2,12.4,3.3
20083,2.3,29.9,12.5,15.4,7.2
20085,3.4,45.9,6.0,12.6,5.2
20087,2.8,39.7,4.9,13.5,7.3
20089,3.6,35.2,6.9,13.3,5.7
20091,1.7,17.1,6.8,33.3,17.1
20093,14.8,26.6,10.5,9.1,2.7
20095,5.2,35.7,7.2,13.9,6.6
20097,2.3,33.6,8.3,15.5,7.8
20099,5.3,32.1,9.4,10.9,6.3
20101,3.9,37.5,9.5,15.0,5.1
20103,2.5,34.2,8.1,17.1,10.3
20105,4.7,34.1,11.0,12.0,5.0
20107,3.8,43.5,6.9,10.9,3.0
20109,3.2,41.0,8.2,11.9,2.3
20111,8.0,30.0,4.1,15.5,9.1
20113,6.0,32.9,7.2,17.6,6.7
20115,4.6,37.6,6.5,11.7,7.2
20117,3.7,46.2,8.1,9.3,3.9
20119,7.1,32.7,6.6,13.3,6.0
20121,1.9,36.1,7.8,14.9,8.2
20123,3.7,35.1,6.3,14.5,7.3
20125,4.4,32.1,10.7,13.1,5.4
20127,3.2,42.1,6.7,10.1,7.4
20129,3.0,34.0,8.0,14.8,3.4
20131,6.0,44.4,5.9,13.7,3.8
20133,4.7,34.2,9.5,10.9,4.9
20135,4.8,34.1,8.5,14.1,5.2
20137,4.5,34.1,9.0,12.5,4.7
20139,3.0,41.2,6.3,14.4,4.7
20141,4.9,41.6,6.6,10.2,4.6
20143,3.4,33.2,6.4,13.2,6.0
20145,4.0,37.6,4.9,9.2,5.7
20147,5.3,37.1,8.5,13.3,4.5
20149,1.5,32.5,7.5,17.9,9.2
20151,5.7,29.4,8.7,13.9,8.8
20153,4.7,32.7,9.0,16.3,3.2
20155,4.1,32.6,9.4,13.0,5.5
20157,3.5,35.1,9.4,11.6,6.5
20159,4.1,35.1,6.4,14.6,5.9
20161,1.4,21.9,6.2,21.4,19.8
20163,2.5,37.1,6.2,13.5,7.3
20165,6.5,34.1,6.5,11.3,4.2
20167,4.7,35.0,6.9,13.1,7.0
20169,3.8,33.7,7.3,14.8,7.4
20171,4.8,29.0,6.4,14.8,5.7
20173,4.0,29.6,6.6,18.4,8.8
20175,21.5,31.2,6.6,8.6,4.6
20177,3.6,31.7,5.8,18.9,9.6
20179,4.0,40.2,8.0,11.2,6.2
20181,3.5,35.7,11.0,14.8,4.8
20183,4.6,41.0,11.5,10.4,4.6
20185,6.0,31.9,7.0,16.3,4.9
20187,16.6,32.2,5.0,9.1,4.4
20189,11.4,28.0,6.6,11.5,3.7
20191,2.7,36.0,7.8,12.7,5.2
20193,4.7,28.5,11.9,17.4,6.0
20195,5.7,37.4,8.6,12.5,7.7
20197,2.0,43.9,5.8,15.6,4.8
20199,9.1,37.2,6.5,16.4,4.6
20201,6.7,35.5,7.8,14.2,5.2
20203,12.1,28.1,9.6,10.7,1.3
20205,3.9,42.6,7.7,8.5,3.6
20207,4.4,41.2,5.6,9.3,4.2
20209,8.2,37.4,6.4,10.4,4.8
21000,8.5,34.5,6.5,11.9,8.1
21001,14.7,36.8,4.1,6.0,6.5
21003,15.1,40.5,5.4,5.6,3.8
21005,4.1,41.2,6.2,10.1,7.2
21007,6.0,41.9,5.4,5.6,7.4
21009,12.8,40.3,5.2,9.2,6.2
21011,15.4,36.5,5.3,7.3,6.2
21013,17.9,32.9,5.0,5.5,5.9
21015,3.4,32.6,8.7,17.6,8.7
21017,8.6,39.2,7.1,10.6,6.4
21019,5.4,34.8,8.6,9.8,6.8
21021,7.5,37.1,5.6,12.8,9.4
21023,13.0,48.7,3.6,5.9,3.6
21025,15.5,34.7,5.1,5.1,4.1
21027,10.4,47.8,6.0,4.6,3.4
21029,5.2,42.8,8.7,7.0,4.2
21031,13.7,40.4,7.2,4.5,2.1
21033,9.7,42.7,6.1,4.9,7.3
21035,6.4,32.3,4.0,15.6,13.1
21037,4.7,34.4,6.2,15.8,9.9
21039,9.8,39.9,8.8,7.0,4.1
21041,10.3,40.4,4.9,4.7,3.6
21043,12.2,39.9,4.9,6.7,5.4
21045,20.6,35.6,4.7,4.3,4.7
21047,7.1,35.9,8.5,8.9,5.3
21049,7.6,37.1,6.9,11.3,5.6
21051,24.8,37.9,3.0,4.3,4.8
21053,22.8,32.2,6.2,3.8,2.5
21055,12.1,43.9,5.3,4.9,3.7
21057,17.5,40.9,6.1,4.1,4.3
21059,4.9,39.0,7.9,10.8,7.1
21061,13.9,42.7,7.0,5.2,2.4
21063,23.0,41.0,3.7,6.8,1.6
21065,19.2,43.3,4.5,3.0,3.7
21067,4.7,21.1,6.7,22.6,16.3
21069,15.4,36.0,8.6,8.2,5.5
21071,15.5,34.7,5.5,7.5,4.9
21073,6.2,32.8,4.9,17.5,9.8
21075,7.5,43.5,2.4,7.6,3.5
21077,9.5,42.9,6.1,3.3,3.4
21079,10.0,43.2,5.1,8.6,3.5
21081,7.1,43.0,3.5,7.1,3.5
21083,8.9,38.3,6.4,9.4,4.6
21085,15.2,42.3,5.0,4.0,3.8
21087,16.3,41.3,5.8,5.1,6.6
21089,7.8,38.4,8.0,7.5,6.0
21091,4.9,46.4,7.0,6.2,4.3
21093,5.1,33.7,9.4,10.9,7.8
21095,16.3,36.7,6.4,5.2,5.8
21097,8.6,42.4,4.8,7.8,5.2
21099,18.6,35.4,5.0,4.6,4.5
21101,4.5,38.7,9.0,9.7,6.7
21103,7.1,44.1,4.8,8.2,5.8
21105,10.7,37.4,6.2,9.4,6.7
21107,9.6,37.0,7.5,7.9,6.1
21109,21.1,36.7,4.3,4.1,5.0
21111,4.1,29.3,6.7,17.0,11.1
21113,5.8,30.9,6.1,16.8,10.6
21115,13.3,35.7,5.5,5.2,4.9
21117,4.2,31.3,7.4,18.4,9.0
21119,20.5,35.6,5.3,5.3,5.2
21121,17.9,41.1,1.9,3.0,5.5
21123,11.4,38.7,7.0,8.0,4.3
21125,13.2,36.8,5.6,8.1,5.3
21127,17.3,36.8,6.4,3.7,4.7
21129,17.7,38.6,2.5,5.2,3.8
21131,23.1,32.2,3.6,4.6,5.0
21133,13.7,36.5,6.8,5.7,5.3
21135,18.4,41.5,5.2,7.0,3.1
21137,13.7,40.2,4.2,5.7,3.8
21139,8.9,38.7,7.6,6.4,5.5
21141,11.4,42.8,4.8,6.7,3.2
21143,6.0,39.2,6.6,7.4,3.6
21145,4.9,30.2,9.9,12.6,8.1
21147,19.4,36.3,3.6,3.1,5.2
21149,8.1,42.4,5.3,5.1,5.6
21151,8.2,30.7,6.6,14.9,11.5
21153,17.8,35.6,4.7,5.2,5.4
21155,10.6,45.3,7.5,5.3,6.1
21157,5.8,41.6,5.3,7.9,6.5
21159,22.3,33.2,4.9,3.3,4.2
21161,11.0,38.3,7.9,8.8,5.8
21163,5.0,41.5,9.1,7.1,4.1
21165,11.6,42.1,3.3,6.3,4.6
21167,6.1,41.6,6.0,10.1,6.6
21169,19.6,43.2,3.1,5.6,3.1
21171,18.3,44.7,4.4,8.6,3.2
21173,11.5,37.9,5.4,8.1,5.7
21175,18.6,36.8,4.2,5.7,5.4
21177,9.7,41.2,6.8,5.2,4.6
21179,6.0,42.5,8.1,8.3,6.6
21181,12.1,47.1,6.4,3.0,4.3
21183,10.4,42.3,6.4,5.7,3.9
21185,3.3,24.3,7.9,22.4,14.7
21187,7.3,41.3,3.2,10.8,8.0
21189,23.9,35.8,5.8,2.1,2.5
21191,10.2,44.3,5.9,6.6,3.7
21193,17.3,36.3,5.7,7.1,4.9
21195,14.5,39.5,5.2,6.6,5.5
21197,16.9,44.0,3.4,5.4,6.0
21199,12.8,36.6,7.0,7.3,5.6
21201,16.7,45.9,2.8,6.7,1.9
21203,18.7,38.2,6.2,6.7,3.5
21205,12.2,35.5,4.9,10.7,13.5
21207,13.6,36.3,8.3,6.0,6.7
21209,4.3,31.7,6.8,16.1,10.2
21211,7.8,34.7,5.6,13.7,9.3
21213,7.5,43.1,4.1,10.3,5.1
21215,6.8,33.9,5.7,9.5,6.8
21217,13.6,37.3,3.8,8.3,8.0
21219,14.0,38.3,6.2,6.5,5.0
21221,8.0,38.4,6.5,8.3,7.8
21223,8.2,45.5,7.0,6.8,3.0
21225,5.4,37.3,12.0,9.0,4.0
21227,6.7,29.8,7.0,16.6,11.3
21229,12.0,43.0,6.2,6.7,5.0
21231,19.6,40.4,4.2,5.1,3.9
21233,10.1,40.7,5.8,5.9,4.3
21235,16.5,36.7,3.4,6.3,6.3
21237,20.4,34.2,4.8,4.8,3.3
21239,5.3,29.3,7.4,20.1,12.6
22000,7.1,34.9,4.6,13.8,6.8
22001,14.4,39.4,4.8,7.6,3.2
22003,11.3,40.7,5.6,5.8,3.2
22005,4.4,39.2,4.7,15.0,5.6
22007,15.1,43.9,2.4,5.1,3.2
22009,10.5,38.1,4.1,6.9,3.1
22011,6.1,42.5,4.7,9.5,4.4
22013,6.9,42.9,4.0,9.1,4.5
22015,3.3,33.6,7.4,15.1,6.1
22017,4.9,34.5,5.2,14.6,7.7
22019,6.7,35.0,6.0,13.2,6.1
22021,9.1,46.9,3.9,8.6,4.0
22023,8.0,43.9,8.0,10.8,2.1
22025,14.0,40.5,2.6,8.3,4.1
22027,9.6,41.4,3.5,7.6,3.8
22029,12.2,37.5,3.7,7.7,4.0
22031,8.1,40.6,4.1,9.6,5.0
22033,3.9,27.5,4.4,20.2,12.0
22035,12.7,31.6,2.2,6.5,2.5
22037,8.8,39.3,4.6,9.1,2.8
22039,18.0,36.6,5.8,7.6,3.2
22041,11.4,38.3,2.8,7.6,2.9
22043,6.1,40.7,5.1,8.3,4.6
22045,10.4,42.5,3.7,9.5,3.6
22047,10.8,41.2,2.9,9.4,2.3
22049,6.3,38.8,3.3,9.1,4.4
22051,6.5,32.4,5.2,15.6,7.4
22053,9.4,42.5,4.6,8.3,2.8
22055,5.6,30.1,5.1,19.8,7.9
22057,14.2,38.4,4.1,10.1,4.3
22059,10.3,42.2,3.6,8.6,3.6
22061,5.3,27.2,4.7,16.8,14.4
22063,5.4,41.3,3.4,12.0,3.7
22065,10.7,44.0,2.9,5.7,3.7
22067,9.9,41.9,4.3,8.1,3.2
22069,8.0,35.6,4.0,12.2,8.6
22071,6.4,28.0,3.5,17.0,12.3
22073,4.9,32.8,4.2,16.6,7.6
22075,6.6,34.4,4.2,10.7,4.7
22077,10.7,38.9,3.3,7.8,6.1
22079,5.6,34.8,6.0,13.1,6.3
22081,9.8,37.6,5.6,8.9,4.6
22083,8.9,37.3,2.9,8.3,3.9
22085,7.4,45.7,2.9,7.8,3.1
22087,8.6,42.3,5.3,7.3,2.7
22089,3.9,38.0,6.2,13.8,5.1
22091,10.1,46.0,2.5,6.8,3.7
22093,6.5,47.2,3.9,10.2,4.5
22095,5.2,38.7,5.1,12.5,3.8
22097,14.7,40.4,4.3,8.2,3.4
22099,12.6,42.7,3.3,8.6,2.5
22101,13.1,36.7,3.8,7.5,2.9
22103,3.8,27.8,6.0,20.5,9.6
22105,6.8,35.9,4.2,12.7,6.3
22107,8.7,44.0,3.5,7.2,3.8
22109,11.4,39.4,3.7,9.9,4.7
22111,5.4,43.5,4.7,10.3,4.4
22113,10.6,44.6,4.4,8.1,2.5
22115,5.6,38.9,5.6,10.6,5.6
22117,7.5,43.0,4.1,8.4,4.2
22119,7.6,38.8,4.1,9.7,4.0
22121,6.5,42.4,3.9,12.3,4.6
22123,9.4,41.7,2.4,6.4,3.0
22125,11.5,34.7,2.8,9.4,4.1
22127,8.2,43.3,2.7,8.3,3.6
23000,4.0,35.5,8.9,17.1,9.0
23001,6.8,39.4,8.6,12.5,5.2
23003,8.5,39.5,8.7,11.5,4.1
23005,2.4,26.8,9.3,24.5,13.9
23007,3.4,36.5,8.5,16.0,8.8
23009,2.8,34.3,8.4,18.8,10.9
23011,3.5,37.6,9.2,15.7,9.4
23013,3.4,36.9,8.6,17.1,8.6
23015,2.8,33.6,8.8,18.3,12.4
23017,4.2,43.9,8.8,11.3,5.9
23019,3.9,36.9,9.5,14.8,8.1
23021,4.4,45.8,8.9,10.0,4.1
23023,2.6,36.5,7.0,17.5,10.2
23025,4.8,44.1,8.6,10.0,4.6
23027,3.8,41.6,6.8,13.9,7.5
23029,5.4,40.0,7.8,12.1,6.4
23031,3.9,34.3,9.4,18.9,8.7
24000,4.3,26.8,6.3,19.6,15.6
24001,4.2,43.0,7.7,8.4,6.8
24003,2.8,26.6,6.9,20.8,14.6
24005,3.7,28.0,6.1,20.1,14.2
24009,2.4,34.5,6.7,17.3,11.2
24011,5.8,40.9,6.5,10.4,5.2
24013,3.1,31.8,7.4,19.3,10.8
24015,3.9,38.4,7.1,13.3,6.8
24017,3.0,32.1,7.8,16.4,9.1
24019,5.3,40.0,5.7,9.1,6.2
24021,3.1,28.1,7.7,21.6,13.3
24023,4.8,42.0,7.7,10.6,6.7
24025,2.5,28.8,8.7,18.8,11.5
24027,2.4,15.2,5.6,30.3,26.9
24029,5.0,33.3,5.1,18.1,12.1
24031,4.6,14.7,5.5,26.9,29.2
24033,6.2,27.9,6.3,17.8,12.2
24035,2.8,31.7,7.5,17.3,10.7
24037,3.5,33.6,6.5,16.9,9.8
24039,6.3,46.2,4.3,9.5,4.8
24041,2.5,27.4,6.8,18.2,15.0
24043,5.2,38.0,7.7,11.4,6.9
24045,4.5,34.3,6.5,14.3,10.2
24047,3.3,32.7,7.7,18.0,8.6
24510,6.4,29.7,4.6,13.2,11.7
25000,4.9,27.2,7.6,21.7,16.1
25001,1.5,25.8,9.4,24.2,15.5
25003,3.2,32.6,8.6,17.1,13.0
25005,9.8,30.8,8.3,16.0,8.0
25007,2.3,29.8,4.6,21.3,18.8
25009,5.4,27.4,8.2,21.5,14.2
25011,2.5,31.7,9.4,17.8,14.2
25013,6.4,33.4,8.5,14.8,8.8
25015,2.6,26.6,8.8,19.5,21.0
25017,3.7,23.1,6.2,25.2,23.3
25019,2.4,26.2,7.3,25.4,16.1
25021,2.6,23.2,7.9,26.2,20.8
25023,2.9,31.6,9.5,20.4,11.0
25025,8.7,25.2,4.9,22.7,16.9
25027,4.4,30.3,8.6,19.9,12.4
26000,3.7,31.8,8.0,15.2,9.3
26001,3.1,42.8,7.3,7.6,4.6
26003,4.3,43.3,7.8,12.7,4.7
26005,4.6,37.6,7.9,13.1,6.6
26007,4.0,35.0,12.2,9.1,6.2
26009,2.5,37.5,6.3,13.4,9.1
26011,5.8,40.7,8.0,7.0,4.0
26013,7.1,42.8,7.9,8.5,3.4
26015,2.3,39.7,8.8,10.3,6.5
26017,3.8,36.2,9.7,11.9,5.7
26019,2.1,34.3,9.4,14.3,9.1
26021,4.4,32.3,8.5,14.2,9.2
26023,5.4,40.2,8.1,9.4,5.2
26025,3.5,34.1,8.4,12.5,6.4
26027,4.0,38.0,8.1,10.7,5.4
26029,2.8,35.5,9.2,13.3,10.0
26031,2.8,39.6,7.2,11.1,6.8
26033,2.9,39.6,6.9,12.0,5.5
26035,5.3,41.0,6.9,6.1,4.0
26037,1.9,31.4,9.8,18.0,9.0
26039,3.0,39.4,7.5,9.8,4.3
26041,3.6,39.0,11.0,12.6,5.6
26043,2.2,43.2,7.7,11.8,5.3
26045,2.2,30.8,9.7,15.8,8.1
26047,2.3,30.4,9.8,17.8,10.7
26049,3.2,34.8,8.6,12.3,6.5
26051,4.7,41.5,7.2,6.5,3.8
26053,4.2,39.5,10.7,13.2,4.6
26055,1.7,28.3,9.5,18.7,10.0
26057,4.2,42.4,7.6,8.3,4.5
26059,3.8,42.1,6.9,8.4,6.0
26061,3.4,38.2,8.0,14.9,9.3
26063,5.8,43.0,8.4,9.1,4.3
26065,2.9,25.0,8.2,19.9,15.0
26067,4.2,39.8,7.8,8.8,4.0
26069,3.8,40.1,7.7,8.1,5.4
26071,4.5,45.8,8.5,9.7,4.6
26073,3.4,34.2,6.7,14.3,12.2
26075,2.7,36.0,8.9,12.0,5.5
26077,2.5,26.0,7.9,19.8,13.5
26079,3.3,41.7,6.3,7.5,4.0
26081,4.5,27.2,8.3,19.6,9.8
26083,3.6,41.8,8.8,12.7,7.0
26085,5.9,43.8,5.3,5.8,2.5
26087,3.0,37.2,8.5,11.1,6.3
26089,3.1,23.5,8.2,24.1,14.2
26091,4.1,36.9,7.5,12.3,6.5
26093,1.3,27.4,9.3,21.7,10.1
26095,3.3,47.6,5.5,9.0,3.8
26097,3.3,40.7,6.5,12.3,7.6
26099,3.7,32.2,8.8,14.2,7.4
26101,3.8,40.1,8.0,10.2,5.8
26103,2.6,33.4,8.5,19.5,9.1
26105,3.5,35.6,8.4,12.1,7.0
26107,2.9,38.4,8.1,12.2,7.3
26109,3.5,45.0,8.3,8.9,4.0
26111,2.8,30.0,9.2,19.3,12.2
26113,4.7,41.3,8.2,8.3,4.0
26115,3.1,37.8,8.8,11.4,5.7
26117,4.2,39.4,7.9,8.4,4.1
26119,4.9,44.2,9.1,4.8,4.7
26121,3.5,35.8,9.9,11.0,5.5
26123,4.5,41.0,7.8,9.1,4.8
26125,2.3,21.8,7.3,24.2,17.4
26127,7.7,38.7,7.7,8.2,5.1
26129,4.8,41.9,7.5,6.7,4.1
26131,2.8,43.2,11.8,9.4,4.8
26133,4.2,42.9,8.5,7.9,4.1
26135,6.3,44.7,6.0,7.6,2.7
26137,3.5,39.0,7.1,12.4,6.4
26139,3.6,31.8,8.0,19.5,8.9
26141,3.7,40.1,8.4,9.9,4.9
26143,2.4,38.8,9.2,8.9,5.3
26145,3.5,36.1,8.8,11.7,6.2
26147,3.0,37.8,9.3,9.1,5.6
26149,6.0,41.1,7.3,8.6,4.6
26151,5.1,44.4,7.3,6.4,4.5
26153,4.9,45.2,7.6,8.2,3.3
26155,3.0,37.7,10.0,10.1,5.4
26157,4.7,41.5,8.1,8.3,3.9
26159,6.1,34.2,7.7,12.0,7.0
26161,2.0,17.3,6.7,24.1,26.1
26163,5.5,32.9,6.7,12.0,7.3
26165,3.4,39.1,7.1,11.0,5.2
27000,3.6,28.1,9.5,21.2,10.0
27001,4.7,39.4,9.2,10.1,4.2
27003,2.4,30.9,11.2,18.5,6.9
27005,3.5,34.0,11.3,15.0,6.6
27007,3.5,28.7,9.1,17.8,9.5
27009,4.8,35.4,10.8,13.3,5.6
27011,5.7,40.3,9.6,9.9,3.9
27013,3.2,28.8,10.7,20.3,9.2
27015,7.1,39.7,7.7,13.0,4.9
27017,3.5,33.7,10.7,13.2,7.5
27019,3.0,22.7,9.3,29.2,11.7
27021,2.7,36.8,9.4,15.5,5.7
27023,6.0,39.0,11.0,10.0,4.6
27025,2.2,36.0,10.8,12.3,4.9
27027,3.8,28.3,11.0,22.2,9.2
27029,6.9,37.8,8.8,11.1,2.8
27031,2.8,29.3,8.4,16.4,11.0
27033,6.1,37.0,8.5,12.0,5.3
27035,2.5,32.4,12.5,15.8,6.1
27037,1.9,23.3,10.4,26.9,11.0
27039,3.6,33.3,12.6,14.9,4.7
27041,4.7,31.3,12.9,14.1,6.5
27043,5.4,40.8,9.8,11.0,3.4
27045,7.2,38.0,10.5,13.2,5.1
27047,5.7,39.0,9.5,10.5,4.0
27049,4.1,33.2,11.9,15.6,6.6
27051,7.1,34.8,11.2,12.7,4.5
27053,3.4,20.2,7.8,29.3,14.4
27055,3.8,36.3,13.9,14.5,6.9
27057,3.0,34.0,12.1,15.1,6.9
27059,2.3,39.1,8.9,11.2,4.6
27061,2.6,34.0,13.0,14.0,5.3
27063,5.4,37.1,12.3,11.4,2.7
27065,4.0,42.4,7.8,10.6,3.8
27067,5.4,32.0,11.2,15.3,6.2
27069,6.9,34.1,10.0,15.3,2.4
27071,3.1,39.4,8.3,13.3,3.4
27073,5.9,36.7,10.9,13.0,4.4
27075,1.9,38.3,8.9,12.6,5.4
27077,2.4,34.8,11.0,16.8,4.2
27079,4.9,37.9,8.8,14.5,5.5
27081,6.3,40.9,9.2,13.9,3.9
27083,7.2,31.1,9.2,19.1,6.5
27085,5.1,36.4,11.7,12.9,5.1
27087,8.3,37.4,9.8,10.0,3.8
27089,8.6,36.4,11.0,12.4,3.2
27091,6.3,35.9,8.9,12.1,5.1
27093,6.1,38.9,10.6,11.4,3.8
27095,3.9,39.6,8.3,10.1,3.8
27097,6.2,40.4,9.1,9.6,4.5
27099,7.4,33.9,11.6,11.3,4.6
27101,7.9,37.3,8.9,11.6,3.5
27103,2.6,26.4,9.9,22.3,11.4
27105,12.9,33.9,10.1,11.3,5.4
27107,6.5,40.3,10.6,11.6,2.8
27109,2.5,23.8,10.8,23.4,15.9
27111,5.7,34.4,10.7,14.2,5.4
27113,4.9,38.0,12.3,10.4,4.4
27115,3.9,40.8,7.5,9.2,4.0
27117,6.8,36.4,8.7,11.4,4.5
27119,6.6,32.8,10.2,14.5,5.5
27121,4.7,38.4,11.8,13.2,4.7
27123,4.8,24.1,7.1,23.9,15.0
27125,7.8,40.2,11.4,9.7,2.5
27127,5.5,40.2,9.1,11.4,4.0
27129,6.9,38.2,10.1,13.0,2.6
27131,4.0,33.0,8.4,16.3,10.1
27133,7.3,36.9,10.8,11.6,4.6
27135,6.1,38.8,9.1,14.5,2.7
27137,2.1,31.4,10.3,16.8,8.2
27139,2.3,24.8,10.9,26.0,9.0
27141,1.4,31.0,11.9,17.7,6.3
27143,7.9,41.7,8.5,10.3,3.2
27145,5.3,32.8,10.1,15.7,7.8
27147,5.0,35.7,10.0,15.0,6.0
27149,7.1,39.2,8.3,15.2,7.9
27151,5.5,41.4,9.5,9.8,3.9
27153,7.4,38.6,9.1,8.6,3.5
27155,8.9,38.5,13.2,11.6,2.0
27157,3.6,40.2,10.6,11.7,5.3
27159,5.7,36.9,10.4,10.2,4.9
27161,3.0,39.6,8.7,14.0,4.8
27163,1.3,24.2,9.5,26.4,13.0
27165,11.0,40.0,8.2,9.9,4.4
27167,7.7,30.4,14.7,11.6,4.7
27169,4.7,29.7,11.0,16.2,9.7
27171,2.5,33.8,11.2,18.0,5.1
27173,5.2,37.9,9.9,12.0,4.7
28000,7.5,31.2,7.5,12.4,6.7
28001,6.9,30.7,7.8,11.9,7.7
28003,8.4,37.6,7.5,11.0,4.0
28005,11.6,41.1,4.7,7.5,3.0
28007,11.5,28.9,7.0,10.4,5.6
28009,9.7,36.5,6.3,6.0,4.2
28011,13.5,26.8,6.1,12.8,7.8
28013,13.1,35.8,5.9,7.4,2.7
28015,7.2,37.1,6.4,10.3,3.0
28017,12.1,37.5,5.2,7.4,2.5
28019,10.2,36.5,7.9,7.3,4.2
28021,6.9,37.8,8.4,8.3,9.5
28023,10.3,40.2,5.8,7.1,2.1
28025,7.1,34.3,5.7,9.2,5.0
28027,10.9,30.5,9.3,10.1,4.0
28029,8.7,32.0,8.7,9.0,4.4
28031,7.0,35.6,7.8,10.7,3.8
28033,4.1,32.8,8.0,14.6,6.0
28035,5.5,28.5,7.2,15.2,11.3
28037,5.1,37.1,6.6,13.1,1.7
28039,6.9,41.1,5.2,8.0,4.2
28041,8.2,42.1,5.6,5.8,2.0
28043,11.2,29.2,5.4,10.7,6.1
28045,5.8,32.5,7.4,14.1,7.1
28047,5.2,30.0,8.5,12.4,7.2
28049,4.7,24.7,7.7,17.8,10.1
28051,12.3,35.5,5.9,7.5,3.9
28053,16.5,27.6,6.8,8.3,4.3
28055,9.5,36.4,2.6,4.3,2.0
28057,9.9,32.9,7.1,7.1,5.0
28059,4.1,34.3,8.6,11.7,6.1
28061,6.1,39.3,7.2,6.2,4.1
28063,8.1,40.6,3.8,12.2,5.8
28065,8.1,35.6,7.9,6.6,4.1
28067,9.4,32.3,8.2,8.5,6.3
28069,10.4,37.4,8.0,7.0,3.8
28071,5.6,20.3,6.2,19.4,19.6
28073,5.8,23.8,8.9,19.0,10.0
28075,6.4,30.8,8.4,12.5,6.2
28077,6.7,38.2,6.7,5.4,4.7
28079,9.8,39.1,4.5,6.4,2.6
28081,6.2,28.6,7.5,14.7,6.8
28083,11.9,30.4,3.4,11.5,5.3
28085,7.0,35.4,7.7,11.5,4.9
28087,8.0,30.8,7.7,13.6,6.9
28089,4.8,20.3,7.7,27.6,13.5
28091,11.1,38.0,6.3,7.1,4.7
28093,11.6,35.7,4.7,7.5,2.9
28095,9.6,35.0,5.0,8.5,4.2
28097,9.7,28.4,6.9,11.9,3.8
28099,9.4,31.6,7.5,7.5,4.9
28101,6.2,34.2,9.1,7.5,4.1
28103,13.6,32.0,7.5,5.8,4.1
28105,5.4,21.8,4.9,17.7,22.0
28107,11.0,31.1,8.8,8.7,4.1
28109,8.1,32.6,9.7,10.5,4.1
28111,9.7,40.5,9.9,6.0,4.0
28113,6.2,32.3,8.5,10.6,5.3
28115,9.8,36.7,8.2,6.8,4.5
28117,9.9,31.3,10.4,8.7,5.3
28119,16.3,28.2,7.0,9.0,2.8
28121,4.4,26.6,8.6,19.3,8.6
28123,11.5,36.2,6.3,6.0,2.9
28125,12.0,33.5,6.1,11.6,4.6
28127,8.8,35.8,5.9,10.0,4.2
28129,8.5,37.8,7.1,10.4,5.5
28131,8.3,30.2,10.9,8.8,4.1
28133,11.4,31.5,6.1,9.6,3.7
28135,16.4,33.3,6.4,8.1,2.4
28137,8.2,33.2,8.0,8.5,4.2
28139,12.7,34.1,8.6,6.6,3.5
28141,10.6,37.1,7.5,7.6,4.3
28143,14.9,31.9,10.6,10.7,3.1
28145,7.4,34.8,6.0,9.3,4.0
28147,10.3,33.0,8.7,11.7,2.9
28149,6.5,26.3,7.6,14.1,8.6
28151,9.7,29.1,5.6,11.3,6.6
28153,8.3,38.7,6.4,6.1,3.8
28155,10.1,37.3,5.3,9.4,4.7
28157,14.0,41.2,3.1,5.3,2.7
28159,8.3,38.4,6.6,9.2,4.7
28161,10.5,35.4,4.9,6.9,5.1
28163,9.8,35.2,6.2,7.8,3.4
29000,4.9,33.0,6.4,15.6,9.0
29001,4.8,38.8,7.6,12.5,11.1
29003,2.7,41.6,5.0,15.2,5.9
29005,5.2,40.6,4.6,15.5,4.5
29007,5.5,46.5,5.0,8.2,4.9
29009,8.2,41.8,4.3,7.8,3.7
29011,4.8,44.3,5.0,8.8,5.6
29013,6.2,47.7,5.8,7.8,3.9
29015,7.2,45.6,5.9,7.2,3.5
29017,11.0,46.8,4.7,5.9,3.0
29019,2.0,23.5,5.9,24.6,20.4
29021,4.6,40.2,5.2,12.2,6.0
29023,9.1,36.3,6.9,8.8,5.3
29025,4.0,46.8,7.7,8.7,3.2
29027,4.1,38.9,6.6,13.5,6.8
29029,3.4,38.0,5.9,12.8,6.9
29031,5.2,35.4,4.2,16.9,9.2
29033,5.1,47.3,4.9,10.4,5.0
29035,10.0,42.5,6.6,5.1,3.0
29037,2.4,37.7,7.3,14.8,6.2
29039,6.1,47.9,6.7,7.2,4.0
29041,5.6,46.8,4.2,10.2,4.9
29043,2.2,32.2,7.1,18.4,7.2
29045,6.3,45.6,6.2,9.2,3.3
29047,2.5,31.0,7.2,20.2,9.2
29049,1.9,41.5,7.1,11.9,6.3
29051,4.6,31.6,6.0,21.2,9.2
29053,5.8,40.1,7.4,10.4,3.6
29055,8.3,41.5,4.9,6.6,3.4
29057,6.6,46.0,4.2,7.3,2.4
29059,7.1,47.6,3.0,8.9,1.9
29061,7.3,44.8,7.0,9.2,3.8
29063,3.7,48.6,4.4,9.5,4.6
29065,11.6,40.1,5.5,6.8,3.6
29067,7.7,43.3,3.4,7.4,3.9
29069,14.2,37.2,4.7,5.9,4.6
29071,6.1,34.9,8.3,10.7,6.0
29073,8.0,40.8,7.1,7.6,4.9
29075,6.3,47.5,6.3,9.1,3.8
29077,3.3,30.3,6.0,17.5,9.4
29079,5.6,40.7,7.0,7.9,4.7
29081,5.5,49.7,5.5,6.7,2.3
29083,5.8,43.1,4.4,9.5,5.5
29085,4.0,46.6,5.1,4.9,2.2
29087,3.8,49.4,2.9,10.2,5.8
29089,6.1,43.2,4.3,13.1,6.5
29091,7.2,42.9,4.9,7.4,5.4
29093,9.9,41.6,5.1,7.9,3.8
29095,4.0,30.5,6.3,17.2,9.7
29097,5.5,35.0,6.0,12.1,5.9
29099,4.4,34.6,9.3,10.8,5.5
29101,3.7,33.1,7.0,14.0,10.1
29103,5.6,50.3,3.8,7.8,7.0
29105,6.1,41.9,5.4,8.6,3.5
29107,6.0,41.3,5.9,10.6,4.7
29109,7.3,40.5,5.6,9.3,4.5
29111,5.4,46.8,4.7,10.7,4.1
29113,5.9,44.0,6.6,6.8,3.3
29115,5.3,49.7,5.9,7.9,6.2
29117,4.9,41.5,6.1,14.4,6.1
29119,9.8,38.0,4.3,5.7,2.3
29121,6.8,42.0,5.7,9.7,4.4
29123,9.1,36.6,8.2,7.0,3.6
29125,7.3,44.9,7.0,8.1,6.2
29127,5.2,41.2,5.1,10.6,6.8
29129,5.9,43.9,5.2,8.9,5.6
29131,7.4,46.4,3.8,7.7,3.6
29133,13.7,40.8,2.4,7.4,3.1
29135,8.6,40.2,4.2,11.4,3.6
29137,6.3,45.5,5.6,6.4,5.0
29139,8.5,44.0,5.2,8.0,4.0
29141,9.8,41.5,5.7,8.4,3.3
29143,11.1,43.0,2.6,7.2,4.2
29145,4.8,35.7,8.2,11.7,6.8
29147,6.0,37.9,5.8,13.5,10.3
29149,9.7,42.1,5.3,7.0,3.1
29151,8.7,48.5,9.3,8.4,3.2
29153,9.1,44.1,4.3,5.1,4.3
29155,13.9,37.8,5.8,6.3,4.5
29157,10.6,46.7,5.0,7.0,3.9
29159,7.9,34.6,8.3,9.8,5.7
29161,5.9,32.3,5.8,13.3,11.3
29163,8.8,43.4,4.3,8.7,3.5
29165,1.7,26.0,7.4,24.5,11.8
29167,6.7,38.7,5.6,10.6,6.0
29169,4.8,35.8,9.6,10.6,6.6
29171,6.5,43.3,7.4,10.2,7.6
29173,3.4,44.6,3.9,9.9,3.1
29175,6.2,39.6,6.3,9.2,3.1
29177,3.8,44.8,7.3,7.3,5.1
29179,10.8,41.0,7.0,4.0,3.3
29181,10.9,40.2,6.9,6.7,5.0
29183,2.4,27.6,7.8,22.2,10.4
29185,6.7,48.1,4.6,6.0,4.7
29186,7.0,46.2,6.6,8.5,3.7
29187,7.6,36.5,7.8,8.3,5.2
29189,3.3,23.5,6.6,23.3,15.2
29195,8.0,38.0,4.6,11.0,6.8
29197,6.1,51.6,6.7,8.7,2.6
29199,13.1,40.5,5.8,11.6,3.3
29201,11.1,42.9,2.4,8.4,4.4
29203,10.2,43.5,2.5,8.2,5.0
29205,5.8,46.8,6.2,8.1,4.0
29207,11.4,42.9,4.7,7.3,3.8
29209,4.1,40.3,6.5,10.4,5.8
29211,8.4,46.0,5.0,8.6,2.8
29213,4.2,35.9,4.4,14.3,6.1
29215,7.8,43.4,5.3,7.6,3.5
29217,6.7,47.3,5.1,9.0,5.4
29219,5.2,38.8,7.1,9.9,5.6
29221,13.5,44.4,4.1,4.2,2.7
29223,14.2,39.6,5.9,5.3,2.8
29225,6.1,39.8,5.5,9.0,5.6
29227,3.3,50.4,2.9,10.8,2.3
29229,11.1,41.5,5.0,6.9,3.9
29510,6.8,27.4,5.8,14.9,10.6
30000,3.2,31.9,7.6,18.7,8.3
30001,2.6,31.9,5.3,20.9,9.4
30003,4.3,37.4,8.3,6.9,4.1
30005,5.7,29.9,10.9,14.2,3.5
30007,4.8,45.8,4.9,11.4,2.6
30009,3.4,33.1,8.2,20.9,7.2
30011,4.9,38.8,10.8,10.0,3.0
30013,2.8,31.6,9.1,15.6,7.7
30015,3.9,37.7,7.3,16.9,4.9
30017,2.9,34.3,9.4,15.7,4.8
30019,2.4,39.9,13.1,15.8,4.3
30021,3.5,34.5,13.5,10.4,5.7
30023,6.2,36.1,7.6,14.2,4.7
30025,7.1,46.3,5.9,10.4,1.9
30027,5.6,35.0,7.4,14.7,9.1
30029,2.5,32.2,7.6,18.9,7.5
30031,1.2,22.1,6.4,29.6,14.9
30033,4.8,47.8,6.8,12.4,2.9
30035,6.3,28.7,11.6,13.0,4.5
30037,4.3,40.3,7.0,13.3,6.8
30039,3.2,37.1,6.1,16.3,5.6
30041,4.6,33.0,8.8,13.2,6.8
30043,4.5,29.9,7.4,19.8,11.8
30045,3.4,31.0,4.2,25.9,4.9
30047,4.0,32.5,8.4,14.2,8.2
30049,2.0,27.7,8.6,21.5,11.8
30051,19.7,22.0,4.4,14.3,1.5
30053,5.6,37.1,8.0,12.5,3.6
30055,4.0,37.5,10.3,15.8,3.6
30057,2.4,35.9,7.4,20.7,6.8
30059,8.4,36.9,6.5,18.2,3.4
30061,3.0,43.6,4.8,10.1,4.2
30063,2.3,26.6,6.1,24.0,13.1
30065,4.2,44.5,7.0,8.4,5.3
30067,3.3,32.8,5.5,23.5,6.6
30069,3.2,41.2,8.8,11.5,1.1
30071,6.3,42.8,8.4,11.3,3.5
30073,6.6,31.0,8.6,15.2,5.4
30075,3.4,33.9,6.7,13.2,7.5
30077,2.8,43.8,5.4,13.6,5.2
30079,7.1,37.3,9.3,11.0,2.9
30081,3.0,33.8,7.3,16.3,7.0
30083,7.4,39.9,7.3,11.7,3.7
30085,4.6,39.9,7.6,13.3,4.7
30087,5.0,39.2,8.4,12.0,4.1
30089,3.8,43.1,6.2,12.4,2.8
30091,5.0,30.9,11.9,13.5,3.5
30093,3.2,38.8,7.4,15.3,7.1
30095,2.4,39.6,7.3,15.5,5.2
30097,2.5,34.8,5.7,22.1,6.1
30099,5.1,33.4,7.8,16.4,4.0
30101,6.9,33.5,10.8,16.1,4.0
30103,2.4,35.4,11.0,15.9,2.5
30105,4.5,37.9,8.1,13.4,4.0
30107,7.0,37.8,7.2,15.0,4.3
30109,8.5,35.8,10.5,17.8,2.2
30111,3.0,31.7,7.6,20.0,7.7
30113,#DIV/0!,#DIV/0!,#DIV/0!,#DIV/0!,#DIV/0!
31000,4.3,30.3,8.9,18.5,8.5
31001,3.9,31.7,11.5,14.7,7.6
31003,4.4,40.3,10.3,11.1,4.9
31005,3.8,29.8,20.7,11.1,3.8
31007,1.4,33.9,17.5,16.0,8.6
31009,1.7,42.6,9.2,16.2,3.6
31011,3.1,41.5,11.8,11.4,4.5
31013,4.4,37.1,8.0,16.9,4.7
31015,5.1,39.5,11.3,10.4,2.4
31017,7.3,43.1,10.1,11.4,4.4
31019,2.5,30.4,7.4,22.4,9.8
31021,3.4,40.3,8.5,14.1,5.2
31023,4.2,40.1,12.0,12.1,4.2
31025,1.9,34.1,9.6,15.9,6.7
31027,6.6,43.7,10.0,11.6,3.8
31029,4.8,40.1,11.7,12.5,3.1
31031,3.4,31.0,10.1,16.9,5.4
31033,2.0,30.4,10.2,18.6,7.6
31035,4.8,41.4,11.6,11.8,5.4
31037,18.7,31.6,7.3,6.8,3.5
31039,10.0,39.4,10.0,11.8,4.4
31041,4.2,37.9,10.3,12.0,4.9
31043,15.2,35.3,8.1,9.2,4.5
31045,2.7,26.3,7.8,19.7,11.2
31047,14.3,35.3,5.9,10.8,4.1
31049,2.9,37.0,10.9,13.1,6.6
31051,5.6,44.4,8.0,9.3,4.7
31053,4.3,38.8,7.0,12.8,5.3
31055,4.1,24.7,6.9,23.3,11.4
31057,6.3,25.0,14.8,17.6,7.8
31059,4.2,39.3,11.5,12.3,4.6
31061,4.1,37.4,8.9,12.7,5.8
31063,2.1,32.7,13.1,16.2,5.8
31065,4.7,41.3,6.7,11.1,4.9
31067,5.3,39.7,9.4,12.4,5.0
31069,1.4,30.8,10.6,19.3,3.1
31071,8.3,38.4,7.0,8.8,5.8
31073,3.1,43.8,8.4,12.2,4.7
31075,0.5,49.2,6.2,12.5,5.5
31077,5.4,45.8,10.1,10.4,2.7
31079,8.1,35.2,8.1,11.4,5.3
31081,1.7,38.0,9.4,16.2,4.4
31083,3.1,39.6,10.3,13.4,4.5
31085,5.0,31.3,14.5,16.6,2.1
31087,4.0,36.1,11.1,8.7,4.4
31089,6.6,37.8,7.7,12.5,4.3
31091,1.0,31.4,6.7,19.6,5.7
31093,4.0,41.2,9.1,8.6,3.6
31095,3.9,41.7,12.0,9.3,4.5
31097,8.2,40.9,6.9,10.5,3.6
31099,1.4,35.1,7.6,16.3,7.6
31101,7.1,34.9,7.5,13.9,5.0
31103,3.1,44.1,10.3,8.9,2.0
31105,5.1,35.0,6.2,12.3,6.7
31107,6.0,40.3,9.4,10.9,5.1
31109,2.4,24.3,10.3,23.5,11.5
31111,2.7,33.6,11.4,13.3,5.4
31113,0.0,37.9,8.2,19.2,2.2
31115,2.4,49.5,6.1,7.9,3.2
31117,5.1,23.4,9.6,17.8,3.4
31119,8.2,31.1,12.1,12.5,5.2
31121,2.6,40.6,8.7,10.1,5.4
31123,5.4,34.2,7.0,14.6,5.0
31125,8.4,38.5,9.1,9.7,2.9
31127,6.0,36.8,6.8,16.8,6.5
31129,4.7,45.7,7.8,9.4,4.4
31131,5.2,34.4,9.4,14.5,6.4
31133,3.8,49.7,6.2,11.5,4.0
31135,2.8,32.6,10.4,15.8,3.0
31137,2.5,36.3,10.3,15.7,4.4
31139,6.6,38.4,13.1,10.6,4.4
31141,4.9,35.7,11.6,12.9,5.6
31143,2.0,42.0,12.0,10.3,4.4
31145,2.4,34.6,11.6,13.9,5.0
31147,2.7,47.2,6.6,8.9,4.9
31149,5.8,39.2,8.1,15.2,4.0
31151,8.9,38.2,11.6,10.0,5.8
31153,1.9,24.1,9.4,23.8,11.2
31155,3.1,37.7,10.7,16.0,7.1
31157,5.4,34.0,9.2,13.8,4.9
31159,3.3,31.3,12.7,18.2,8.3
31161,4.3,39.1,6.1,14.7,6.0
31163,3.0,47.3,8.3,9.9,4.1
31165,0.8,34.1,11.6,16.0,9.5
31167,4.0,38.3,17.6,9.1,3.0
31169,6.4,39.6,10.4,11.6,3.8
31171,2.7,30.4,14.6,16.8,4.1
31173,5.8,38.4,13.2,8.2,3.9
31175,7.1,43.1,7.6,13.4,3.7
31177,1.5,32.4,9.6,21.5,7.4
31179,4.3,33.9,11.1,17.0,9.0
31181,7.4,41.9,8.6,8.5,3.6
31183,0.6,38.9,8.5,17.4,2.2
31185,4.4,36.6,11.0,13.5,5.9
32000,6.5,29.9,7.3,14.3,7.2
32001,3.3,33.7,8.4,12.0,6.2
32003,7.0,30.0,7.1,14.3,7.0
32005,2.3,25.2,9.6,16.8,8.9
32007,7.6,31.9,8.4,11.0,4.7
32009,6.0,37.1,5.9,11.3,7.3
32011,2.9,35.3,10.1,14.2,3.4
32013,9.5,35.4,4.5,9.6,4.1
32015,15.1,35.7,3.1,8.6,1.6
32017,3.7,32.6,6.7,10.0,6.6
32019,3.4,42.0,7.9,8.1,3.7
32021,3.0,53.5,5.5,6.9,1.7
32023,6.5,40.0,6.5,6.5,2.4
32027,6.8,35.4,6.4,7.3,4.2
32029,2.6,30.3,11.1,8.4,4.5
32031,5.3,25.6,7.5,17.1,9.4
32033,6.4,41.2,6.1,7.9,2.5
32510,4.3,31.5,8.0,13.0,8.3
33000,3.0,30.2,9.2,20.9,11.6
33001,3.7,35.1,9.3,17.3,8.5
33003,2.7,31.3,10.0,19.0,10.9
33005,3.0,33.8,7.8,19.5,10.4
33007,5.0,40.7,9.1,11.0,5.7
33009,3.1,31.4,6.6,19.2,15.3
33011,3.6,28.0,9.2,22.5,11.7
33013,2.4,29.1,9.8,20.7,12.3
33015,1.9,27.8,9.9,23.4,12.5
33017,3.9,31.5,9.9,18.6,10.9
33019,4.1,40.0,8.3,16.1,8.8
34000,5.6,29.9,6.2,21.5,12.7
34001,5.7,34.9,6.9,16.3,7.4
34003,4.4,25.1,5.8,27.5,16.6
34005,2.7,30.6,7.8,21.8,11.2
34007,5.5,32.4,6.5,17.8,9.7
34009,3.2,35.9,6.9,18.1,9.1
34011,9.2,39.7,5.5,9.5,3.9
34013,8.3,29.5,5.0,18.7,12.0
34015,3.2,35.6,7.4,18.4,8.1
34017,10.5,27.3,4.2,22.2,11.3
34019,2.2,24.0,6.6,28.4,19.6
34021,5.4,25.6,6.1,20.8,17.9
34023,5.5,28.8,6.4,22.8,14.6
34025,3.5,27.7,7.0,24.1,14.7
34027,2.8,23.5,6.0,29.4,18.7
34029,3.5,37.8,6.8,16.5,7.6
34031,10.5,35.1,5.3,16.9,7.4
34033,4.5,38.6,8.9,12.3,5.6
34035,3.7,22.8,6.5,28.0,21.3
34037,2.2,33.9,7.5,20.2,10.4
34039,8.0,31.4,5.6,19.6,11.7
34041,3.4,34.5,7.8,19.2,8.7
35000,8.0,27.4,7.1,14.5,10.6
35001,5.9,24.5,6.9,17.6,14.0
35003,5.1,35.1,10.9,17.5,6.6
35005,13.1,30.0,7.5,9.7,5.7
35006,7.2,38.3,8.6,6.9,3.6
35007,3.8,33.8,7.2,11.9,8.3
35009,6.9,28.1,7.6,10.9,7.4
35011,9.2,29.8,3.6,15.5,5.9
35013,14.4,22.0,5.9,15.2,9.8
35015,7.7,33.2,8.0,9.4,5.9
35017,7.5,28.8,7.4,13.7,8.8
35019,9.9,41.8,8.2,4.8,3.4
35021,4.9,44.9,4.9,8.6,3.7
35023,11.1,35.0,5.9,11.1,5.7
35025,12.2,30.4,7.0,8.1,4.4
35027,5.5,28.5,7.5,14.7,9.9
35028,0.3,10.2,7.0,26.4,37.0
35029,20.7,31.2,4.0,6.1,5.0
35031,14.2,35.1,7.8,7.0,4.2
35033,10.1,38.7,8.5,8.0,10.4
35035,7.0,29.3,10.7,9.4,6.5
35037,8.9,40.0,4.8,9.9,5.0
35039,9.7,35.9,7.2,8.9,6.8
35041,10.4,29.1,6.7,12.7,7.7
35043,3.7,28.3,8.4,17.2,10.4
35045,7.8,33.4,8.7,9.3,4.9
35047,8.8,29.7,6.1,12.9,9.1
35049,6.6,22.6,5.4,20.8,17.9
35051,8.1,37.6,6.0,11.5,6.0
35053,10.1,32.7,5.3,11.4,10.3
35055,5.2,26.9,7.6,19.3,10.2
35057,11.4,31.2,7.4,8.2,4.2
35059,3.2,40.1,4.9,10.2,9.0
35061,7.0,30.9,7.5,11.2,5.6
36000,7.0,28.6,8.1,18.2,13.6
36001,3.2,27.7,10.4,19.0,17.6
36003,3.5,39.7,12.5,9.5,10.0
36005,15.1,28.8,6.4,11.1,6.5
36007,3.6,32.9,11.9,14.1,11.5
36009,4.4,41.9,10.7,9.6,8.1
36011,3.7,35.8,11.8,11.2,7.1
36013,3.9,37.1,11.4,11.0,8.7
36015,3.4,37.3,10.9,11.5,9.1
36017,3.2,40.1,10.9,10.1,7.1
36019,6.2,35.8,9.2,13.2,9.2
36021,3.7,32.8,11.3,15.0,12.7
36023,2.9,35.5,11.1,15.1,9.3
36025,4.1,40.0,10.3,10.5,7.7
36027,4.0,30.0,10.1,18.1,13.3
36029,3.6,30.5,10.4,16.1,12.4
36031,3.6,34.5,10.7,15.0,10.8
36033,6.8,40.5,10.5,9.0,7.2
36035,5.5,40.3,10.2,8.9,5.7
36037,3.2,38.4,12.8,10.5,7.6
36039,4.6,37.9,9.2,10.9,8.3
36041,5.5,36.9,9.3,14.4,10.5
36043,3.1,37.3,13.8,10.8,7.3
36045,2.9,37.3,11.2,10.9,8.2
36047,10.9,29.2,6.6,17.7,10.6
36049,4.3,47.2,9.3,8.4,5.9
36051,4.0,35.3,11.9,13.0,9.2
36053,2.6,35.0,12.7,13.2,9.9
36055,3.8,26.4,10.6,19.8,14.6
36057,5.2,38.7,11.7,9.2,6.4
36059,5.0,26.2,7.7,22.5,17.8
36061,8.4,13.1,3.6,30.3,27.4
36063,3.2,37.7,11.9,10.8,8.3
36065,4.7,34.5,11.1,12.7,8.2
36067,3.2,28.1,11.2,18.1,13.4
36069,2.8,29.8,13.7,17.8,12.0
36071,4.7,31.8,9.3,15.7,11.1
36073,5.2,41.6,9.1,9.1,5.3
36075,3.7,42.3,9.5,9.4,5.9
36077,3.7,36.0,9.6,14.2,11.9
36079,2.3,29.7,7.9,21.2,15.6
36081,10.4,29.4,7.1,18.7,10.1
36083,3.5,32.7,11.3,14.7,11.8
36085,4.9,34.0,7.8,16.6,11.3
36087,5.3,24.6,7.7,22.2,17.9
36089,5.0,39.0,11.8,9.7,8.6
36091,2.8,29.3,11.1,19.7,14.4
36093,3.2,31.7,11.5,15.9,13.3
36095,4.1,41.4,11.7,10.6,8.3
36097,4.1,39.9,11.8,9.6,7.4
36099,6.1,35.9,11.3,12.0,6.5
36101,4.1,37.6,12.5,10.1,9.4
36103,4.3,31.0,8.9,17.6,13.9
36105,5.7,34.6,10.0,12.1,8.7
36107,2.5,38.1,11.0,13.1,9.2
36109,1.8,21.9,7.2,21.0,27.7
36111,3.9,31.1,8.9,15.6,13.2
36113,2.8,34.6,11.2,14.9,10.7
36115,4.7,41.2,9.8,9.7,7.5
36117,4.3,34.3,12.4,13.1,8.4
36119,6.4,23.2,6.1,22.0,22.3
36121,4.6,41.5,11.7,8.9,5.5
36123,7.9,36.6,10.1,12.4,9.9
37000,6.3,28.6,8.2,17.3,8.5
37001,8.2,30.9,8.6,14.4,6.6
37003,10.3,38.5,7.5,8.5,3.7
37005,15.1,28.6,6.4,11.5,5.1
37007,6.1,47.4,6.4,5.7,1.5
37009,9.5,32.8,7.7,10.9,5.6
37011,8.4,32.5,9.1,15.3,6.5
37013,5.4,38.0,8.5,11.8,5.6
37015,9.7,40.3,6.3,6.3,3.3
37017,11.4,32.6,8.2,8.7,2.9
37019,4.6,32.1,8.5,14.7,6.9
37021,4.7,26.6,8.2,19.7,11.0
37023,10.3,32.8,9.3,9.1,5.4
37025,5.3,29.7,10.3,15.7,6.4
37027,8.4,33.3,8.5,8.2,4.4
37029,4.6,36.1,7.8,14.6,4.9
37031,4.9,29.3,9.5,15.3,8.8
37033,7.7,37.6,6.6,8.0,3.2
37035,7.4,31.8,8.4,13.7,5.4
37037,7.4,25.5,6.2,20.1,13.7
37039,7.5,33.2,10.7,9.1,5.8
37041,7.6,32.1,6.7,10.7,4.8
37043,8.4,33.0,6.4,13.8,6.3
37045,7.3,34.0,8.1,10.7,5.2
37047,7.8,33.5,10.0,7.9,3.5
37049,4.2,29.0,9.9,14.2,7.4
37051,3.8,28.6,10.3,13.9,7.3
37053,3.7,35.6,5.7,11.1,4.3
37055,2.5,28.9,6.9,22.4,9.6
37057,7.3,35.4,8.2,11.2,4.2
37059,5.7,33.0,7.7,14.7,6.7
37061,15.7,31.5,8.9,7.4,2.6
37063,5.4,19.2,6.2,24.6,19.4
37065,8.6,37.8,7.8,7.3,2.5
37067,5.4,28.2,7.1,20.7,10.0
37069,6.8,36.5,8.8,10.3,4.0
37071,8.5,30.9,8.3,12.1,5.1
37073,7.0,37.9,7.5,8.9,3.0
37075,9.2,35.3,10.4,5.8,3.4
37077,8.2,33.7,9.6,9.8,3.6
37079,10.3,34.6,9.7,8.0,3.1
37081,4.9,26.5,6.6,22.3,10.0
37083,9.6,36.4,7.5,7.6,4.1
37085,7.5,31.4,10.5,11.0,5.0
37087,5.1,31.6,10.3,13.5,6.9
37089,5.8,28.4,9.5,16.4,9.6
37091,10.2,33.4,7.0,10.8,4.1
37093,7.7,30.3,11.0,9.0,4.8
37095,7.5,37.0,6.4,9.4,2.1
37097,5.1,32.8,8.1,14.9,5.4
37099,7.4,27.2,8.5,15.1,11.1
37101,8.6,30.2,9.8,14.3,4.5
37103,11.0,33.9,7.9,7.8,2.6
37105,8.6,31.0,10.0,12.6,5.5
37107,10.5,30.8,9.2,10.0,3.9
37109,7.9,31.1,7.9,12.6,4.5
37111,8.7,34.8,10.4,9.5,3.7
37113,6.7,33.4,9.8,11.9,7.6
37115,12.9,33.4,6.5,13.7,5.7
37117,9.0,36.4,8.2,8.7,3.4
37119,4.1,20.5,7.9,27.9,12.6
37121,10.6,37.0,8.1,9.3,5.3
37123,12.2,32.7,7.2,9.1,4.1
37125,4.8,29.2,9.3,18.4,9.5
37127,7.0,33.3,8.3,13.3,5.6
37129,3.0,22.3,9.3,23.9,11.6
37131,12.8,35.6,5.8,8.9,4.0
37133,3.9,31.3,9.9,11.7,5.1
37135,4.0,17.8,6.0,24.2,29.5
37137,7.0,34.4,9.8,9.9,5.4
37139,5.4,29.2,9.9,12.3,6.9
37141,5.9,36.1,8.7,11.9,4.6
37143,6.6,38.2,7.7,10.4,4.9
37145,6.4,39.2,9.1,9.7,3.7
37147,5.3,26.5,9.1,18.0,10.7
37149,6.6,29.7,6.4,15.0,11.3
37151,9.8,34.6,7.3,9.6,3.3
37153,8.3,38.4,8.9,7.3,3.8
37155,12.3,33.8,5.9,8.6,4.1
37157,9.4,35.9,7.1,9.5,3.0
37159,7.2,34.2,8.4,12.0,4.4
37161,6.7,34.0,9.6,9.7,4.8
37163,10.3,35.7,7.5,9.1,3.3
37165,9.9,34.0,7.3,10.3,4.8
37167,6.6,37.1,8.3,10.8,4.5
37169,8.4,42.9,5.8,8.7,2.1
37171,11.4,30.7,8.4,9.9,4.4
37173,7.1,32.0,10.8,10.4,8.6
37175,4.8,27.6,8.5,18.9,10.0
37177,7.6,39.5,9.0,7.1,0.3
37179,5.5,28.9,7.8,19.4,7.3
37181,10.7,33.9,7.0,7.8,3.7
37183,3.7,17.9,7.8,31.6,16.0
37185,9.8,33.5,8.4,8.5,4.5
37187,12.3,37.8,7.5,8.6,3.0
37189,5.5,25.3,7.5,19.3,15.7
37191,7.6,31.3,9.8,11.1,5.3
37193,10.7,32.7,8.7,8.5,3.6
37195,9.1,32.8,8.2,12.7,4.5
37197,9.1,38.1,8.9,7.4,3.3
37199,9.9,38.0,8.3,9.9,5.8
38000,6.0,28.5,11.8,19.1,6.5
38001,11.2,40.4,7.3,14.9,2.4
38003,5.4,33.8,7.8,18.2,7.9
38005,7.5,35.0,10.7,8.5,1.8
38007,7.6,35.7,11.3,16.4,2.8
38009,6.6,27.5,13.9,15.1,5.7
38011,5.7,34.1,8.4,15.0,3.1
38013,6.3,38.5,11.2,11.7,4.8
38015,4.7,24.3,13.7,23.9,7.9
38017,3.3,23.7,11.6,25.4,9.2
38019,8.3,34.2,13.0,13.8,3.3
38021,8.7,29.7,12.1,14.5,3.7
38023,5.3,33.2,13.4,14.0,3.5
38025,10.8,36.3,11.0,10.9,2.3
38027,10.2,30.3,11.6,12.1,3.4
38029,16.3,35.9,9.5,12.1,1.6
38031,7.8,35.6,12.9,15.9,2.8
38033,1.9,36.9,13.2,15.3,3.8
38035,3.3,24.4,11.5,20.3,11.5
38037,8.8,36.1,11.7,14.1,2.8
38039,9.5,35.3,8.4,17.6,4.8
38041,10.0,32.9,9.1,16.5,3.3
38043,13.3,34.9,9.3,11.4,4.3
38045,9.3,34.6,10.5,15.5,2.6
38047,25.4,27.0,6.2,11.4,1.0
38049,7.7,39.0,8.1,13.8,2.7
38051,24.6,29.3,6.0,12.5,4.6
38053,4.7,30.8,15.6,17.2,4.1
38055,9.0,30.4,12.5,15.0,3.3
38057,10.0,27.2,17.7,14.4,3.4
38059,7.8,33.1,11.0,17.7,3.6
38061,6.9,28.2,10.7,15.1,6.3
38063,6.5,35.3,12.4,14.4,3.6
38065,6.7,32.5,12.2,12.9,5.2
38067,8.1,33.9,11.7,13.4,2.9
38069,10.1,34.2,13.7,8.2,3.1
38071,6.2,28.5,13.0,16.3,6.4
38073,6.9,37.5,8.7,12.8,4.7
38075,4.8,29.7,11.9,13.9,5.1
38077,9.4,26.7,15.6,15.1,4.9
38079,6.4,26.3,15.9,11.2,6.8
38081,5.7,39.4,11.3,13.4,1.3
38083,16.7,38.1,4.5,11.0,2.1
38085,6.1,31.9,11.0,10.0,4.1
38087,3.1,36.4,6.8,18.4,4.8
38089,8.1,30.8,10.5,18.3,5.0
38091,5.8,31.8,12.8,17.2,2.5
38093,8.8,33.5,8.0,18.0,4.8
38095,4.7,31.7,10.8,18.9,3.5
38097,6.8,29.6,13.0,19.4,6.0
38099,10.0,34.6,8.8,12.1,4.1
38101,3.6,28.4,10.5,18.8,6.8
38103,10.9,34.7,10.0,14.6,2.1
38105,7.4,31.5,15.3,15.2,3.1
39000,3.5,36.3,7.1,15.0,8.6
39001,9.6,47.1,4.7,6.6,4.3
39003,2.7,42.2,8.7,9.9,5.9
39005,4.4,43.6,6.9,10.2,6.9
39007,4.8,45.4,6.0,8.6,4.4
39009,4.3,35.2,8.0,10.9,14.3
39011,2.4,47.5,9.2,9.6,5.2
39013,3.8,45.9,8.3,9.0,4.4
39015,6.0,47.5,6.1,5.9,3.4
39017,4.0,36.1,6.5,15.7,8.7
39019,4.9,49.6,4.5,7.6,4.3
39021,2.4,50.0,5.7,9.6,4.7
39023,3.6,39.9,8.1,10.1,5.9
39025,3.8,36.5,7.1,16.0,7.9
39027,4.1,44.6,6.8,9.0,5.6
39029,3.2,47.1,8.4,8.1,3.7
39031,4.4,50.1,6.4,7.7,3.7
39033,3.5,50.7,8.3,6.9,4.1
39035,3.7,30.8,6.5,16.4,11.0
39037,3.6,47.8,7.7,6.3,4.3
39039,2.7,47.1,7.8,8.8,6.3
39041,1.2,22.7,7.6,30.6,16.2
39043,3.1,39.8,7.9,12.8,6.8
39045,2.1,38.2,8.2,15.7,7.6
39047,3.6,46.4,6.2,8.5,5.2
39049,3.2,27.1,6.1,23.0,12.0
39051,3.3,44.9,7.7,9.2,4.3
39053,8.0,44.2,7.8,8.2,5.5
39055,5.7,27.9,7.0,20.9,12.7
39057,2.7,28.6,8.8,17.6,15.8
39059,5.0,45.4,8.4,7.1,4.3
39061,3.4,29.1,7.1,19.9,11.8
39063,1.8,37.8,9.3,15.1,8.8
39065,3.7,51.5,6.2,8.5,6.3
39067,4.1,52.2,7.8,5.2,3.1
39069,4.3,44.5,7.6,8.6,4.1
39071,5.2,45.0,6.3,5.6,4.7
39073,3.9,45.0,8.3,7.1,3.6
39075,33.6,32.5,4.3,5.3,3.8
39077,4.6,50.4,7.1,7.3,4.1
39079,6.2,43.4,6.5,7.5,3.9
39081,3.6,44.0,8.9,9.4,4.7
39083,3.8,44.6,5.6,11.1,6.8
39085,2.3,36.3,7.7,16.2,7.7
39087,5.0,42.1,6.7,8.0,5.2
39089,2.5,39.5,6.6,14.9,6.7
39091,3.1,47.4,6.4,8.6,5.0
39093,3.1,37.2,8.3,12.4,7.3
39095,3.6,33.7,7.8,14.0,7.9
39097,3.6,44.2,7.0,10.5,5.2
39099,3.3,41.0,6.1,12.9,6.7
39101,4.2,45.7,7.2,7.4,5.0
39103,1.8,35.0,7.7,19.4,8.9
39105,4.7,49.1,8.6,6.1,3.9
39107,3.1,47.5,8.3,8.4,5.9
39109,2.3,39.6,7.4,12.8,6.7
39111,5.6,52.4,7.1,6.4,2.9
39113,3.5,30.8,8.1,14.9,9.0
39115,4.6,48.2,7.3,6.8,2.7
39117,3.8,46.1,7.0,10.2,4.1
39119,3.7,45.2,7.0,8.3,5.5
39121,3.3,48.7,7.1,6.8,2.8
39123,2.5,36.2,9.4,11.0,8.0
39125,3.3,48.9,8.7,5.0,4.8
39127,5.4,49.7,7.0,6.2,2.7
39129,3.6,47.4,6.0,8.5,4.8
39131,8.6,44.2,6.0,7.6,5.4
39133,2.1,40.4,5.9,15.1,9.0
39135,3.4,47.6,5.9,6.6,4.4
39137,3.2,47.5,11.3,11.0,5.7
39139,4.2,43.1,7.0,9.6,5.0
39141,3.9,45.9,6.3,7.4,4.7
39143,3.9,44.5,10.2,8.3,4.8
39145,6.3,39.8,7.3,8.0,5.1
39147,3.0,43.4,9.1,10.0,6.3
39149,3.5,45.4,7.9,9.4,5.0
39151,3.2,41.6,6.5,13.1,6.5
39153,2.5,33.1,7.5,18.8,9.9
39155,3.8,45.7,5.8,10.8,5.0
39157,5.2,48.7,6.2,8.8,4.7
39159,1.8,39.4,5.8,18.3,7.1
39161,1.9,50.1,7.5,9.7,4.9
39163,7.0,45.7,4.9,5.3,2.1
39165,2.9,29.5,7.7,21.3,12.8
39167,3.4,44.3,7.4,10.8,5.0
39169,6.6,43.4,6.1,12.0,6.7
39171,2.3,48.7,8.1,8.5,3.4
39173,2.2,35.5,9.1,16.7,11.1
39175,3.6,47.8,7.8,7.9,5.4
40000,5.0,32.7,6.7,15.1,7.3
40001,9.2,43.3,3.2,7.4,3.1
40003,5.2,38.5,3.3,11.6,5.4
40005,6.4,41.7,4.8,9.6,3.9
40007,6.5,38.0,5.4,14.0,5.2
40009,4.9,37.1,7.6,10.9,5.2
40011,7.9,39.5,6.9,11.2,5.0
40013,6.3,33.1,7.0,13.4,7.3
40015,6.2,41.6,4.7,9.6,3.8
40017,2.4,30.3,8.1,17.6,6.7
40019,5.6,41.2,6.1,12.4,5.0
40021,5.6,31.9,4.5,14.4,9.2
40023,9.2,42.9,4.6,8.2,3.1
40025,15.0,36.7,7.0,13.6,2.2
40027,2.2,26.5,7.5,19.0,11.1
40029,7.4,51.2,5.3,6.7,2.8
40031,3.0,35.2,6.5,13.2,7.0
40033,7.1,40.7,4.9,13.3,4.0
40035,5.8,39.6,8.7,7.9,4.4
40037,4.7,41.2,6.6,10.3,4.1
40039,7.4,29.2,5.0,13.5,9.2
40041,4.7,42.7,5.0,9.5,5.8
40043,7.5,45.2,4.2,12.4,2.8
40045,3.8,37.4,2.8,15.4,7.3
40047,4.2,35.8,6.7,15.1,6.4
40049,7.4,42.8,4.8,10.7,3.7
40051,3.7,38.1,6.7,13.0,4.3
40053,1.5,36.6,5.8,16.2,6.8
40055,6.8,37.7,6.2,8.6,3.6
40057,15.6,28.6,3.5,12.3,2.1
40059,6.4,39.9,2.7,15.4,5.2
40061,12.0,39.4,8.1,9.9,2.9
40063,8.4,38.2,4.1,10.0,2.6
40065,8.4,28.3,9.2,13.9,6.0
40067,8.1,42.6,3.4,7.9,3.9
40069,6.4,33.0,8.9,7.0,6.2
40071,3.4,37.6,8.6,13.1,5.8
40073,6.5,35.2,7.1,10.5,5.8
40075,6.5,42.5,4.4,11.4,5.1
40077,5.2,36.3,11.8,7.6,4.7
40079,8.6,38.0,7.8,7.6,3.7
40081,3.9,44.7,4.9,10.0,3.5
40083,3.9,35.6,4.9,14.8,6.1
40085,6.4,44.6,6.4,7.8,3.5
40087,2.1,38.5,6.4,13.4,4.8
40089,9.5,40.5,6.6,7.6,4.8
40091,8.2,38.5,4.5,8.3,2.8
40093,6.8,44.1,2.6,10.9,4.3
40095,9.7,41.8,6.3,9.6,5.3
40097,5.6,42.3,6.0,7.9,3.8
40099,5.6,35.9,7.0,8.4,5.0
40101,5.1,34.2,8.0,11.6,5.5
40103,3.5,40.2,6.3,13.7,5.1
40105,3.9,43.0,5.3,10.0,1.8
40107,6.6,40.3,6.4,8.3,2.8
40109,5.3,26.0,5.8,18.8,9.7
40111,5.3,39.2,9.6,9.3,4.4
40113,3.5,39.1,8.3,11.8,6.0
40115,5.7,37.2,9.5,8.5,4.5
40117,4.8,39.6,6.4,10.2,4.5
40119,3.7,29.6,5.2,18.1,14.4
40121,6.4,38.5,7.9,10.9,4.8
40123,4.9,31.2,4.1,13.9,11.0
40125,4.4,35.4,7.1,10.9,5.3
40127,7.6,40.3,4.9,9.3,4.4
40129,1.7,37.7,5.1,11.1,6.8
40131,2.9,36.6,9.1,14.1,6.2
40133,7.1,37.8,6.6,8.6,5.0
40135,7.8,40.3,8.1,8.0,3.9
40137,5.2,41.0,4.2,11.6,4.7
40139,15.6,28.8,4.0,14.0,4.0
40141,11.6,34.2,5.4,12.1,2.6
40143,4.5,27.1,7.9,20.0,9.0
40145,4.0,34.8,8.0,14.6,5.2
40147,3.9,33.6,5.8,19.0,6.3
40149,6.2,43.7,4.1,8.9,6.3
40151,3.9,34.3,2.7,19.3,9.0
40153,5.3,35.9,3.4,12.5,4.0
41000,4.3,26.0,8.0,18.1,10.2
41001,2.6,33.6,7.8,14.4,5.1
41003,1.7,17.4,7.7,25.3,22.4
41005,2.5,24.4,8.0,20.9,10.5
41007,2.6,29.0,8.5,13.4,8.7
41009,2.6,34.0,9.8,11.7,5.2
41011,3.8,32.5,7.4,11.7,5.9
41013,3.9,35.5,6.6,10.6,5.3
41015,1.6,34.5,5.9,11.8,6.5
41017,2.1,25.0,10.4,19.2,9.7
41019,3.8,35.2,8.4,9.9,5.1
41021,3.9,28.5,11.5,14.2,5.8
41023,2.8,36.8,13.1,11.3,5.2
41025,2.1,42.5,8.1,9.7,6.2
41027,10.8,26.4,7.8,17.8,9.4
41029,3.2,28.6,7.3,15.6,8.9
41031,8.8,37.3,6.8,9.5,4.6
41033,3.2,32.1,10.0,10.1,6.1
41035,3.3,33.9,8.8,11.5,6.8
41037,5.5,36.3,6.0,11.2,4.2
41039,2.8,25.9,8.4,16.4,10.9
41041,2.9,28.9,7.1,13.6,9.6
41043,3.9,33.1,8.4,10.9,4.8
41045,9.4,33.1,7.8,8.4,4.2
41047,8.8,27.1,9.1,13.6,7.0
41049,11.3,35.0,9.4,6.7,4.8
41051,4.6,21.5,6.4,23.1,13.8
41053,4.3,27.3,7.8,17.2,9.1
41055,3.5,30.7,11.8,9.1,6.1
41057,3.3,33.2,8.2,13.1,6.5
41059,8.0,31.0,9.3,9.9,5.7
41061,3.2,36.4,8.0,13.1,7.3
41063,2.1,34.4,8.6,15.8,6.9
41065,4.9,30.3,9.7,14.8,6.4
41067,4.6,19.9,7.9,25.0,13.0
41069,2.7,36.3,6.4,13.9,7.1
41071,6.1,29.8,7.7,14.8,8.2
42000,4.1,38.1,7.2,16.1,9.9
42001,5.3,43.3,6.3,11.2,7.5
42003,2.3,32.6,8.5,20.2,13.3
42005,4.7,52.2,7.1,9.8,4.0
42007,3.3,43.1,9.4,12.7,6.2
42009,5.6,51.5,6.7,8.3,4.0
42011,6.1,38.7,6.8,14.4,7.1
42013,2.7,48.2,8.1,12.2,5.0
42015,3.8,48.5,6.8,10.1,5.4
42017,2.6,31.9,7.4,21.0,13.1
42019,2.5,38.1,9.2,19.3,8.6
42021,4.4,48.5,8.4,10.5,6.2
42023,4.0,48.8,7.2,10.7,3.9
42025,3.4,47.8,8.4,8.6,5.3
42027,2.4,34.0,6.5,19.9,18.5
42029,2.9,24.8,6.0,28.7,18.2
42031,4.0,51.8,6.2,9.9,6.4
42033,4.0,51.2,7.4,8.4,4.0
42035,4.0,47.3,8.0,11.1,5.4
42037,4.2,47.8,6.1,11.3,6.3
42039,4.9,47.4,5.7,11.0,6.2
42041,3.0,35.5,7.0,20.3,11.2
42043,3.3,37.4,7.8,16.8,9.8
42045,3.2,32.3,6.9,20.1,14.3
42047,3.2,51.8,8.8,10.7,4.9
42049,3.0,42.7,6.7,15.1,8.3
42051,5.3,49.0,7.4,8.8,4.6
42053,3.9,49.5,6.1,4.6,5.7
42055,5.8,44.0,6.5,10.6,6.9
42057,5.3,53.4,6.3,5.8,3.4
42059,5.6,47.8,6.3,9.9,4.9
42061,4.3,52.6,6.6,8.4,4.7
42063,5.0,47.4,6.7,11.5,6.9
42065,4.6,54.7,7.3,8.2,4.1
42067,8.4,52.2,6.1,6.6,3.1
42069,3.8,39.5,8.2,14.9,8.6
42071,7.8,39.0,5.7,15.6,7.6
42073,4.1,45.1,7.4,12.4,5.8
42075,5.8,46.4,5.7,11.9,5.9
42077,4.7,34.4,8.2,16.4,10.6
42079,3.9,41.5,7.8,13.1,7.0
42081,3.5,40.2,9.8,12.2,6.2
42083,2.8,49.3,7.2,10.1,5.7
42085,4.4,45.1,6.7,12.5,6.0
42087,7.3,52.9,5.9,7.2,3.7
42089,2.8,38.6,8.4,14.9,8.3
42091,2.3,26.7,6.2,25.3,18.4
42093,3.4,41.4,6.8,13.6,11.9
42095,4.3,36.1,8.0,16.6,9.2
42097,4.2,51.3,5.9,9.0,4.5
42099,4.7,52.1,6.2,9.0,4.1
42101,6.4,35.9,5.3,12.9,9.1
42103,2.0,39.3,7.9,15.1,8.2
42105,4.4,48.8,8.1,8.7,3.9
42107,5.0,48.0,7.9,8.4,5.1
42109,7.6,46.9,7.3,9.8,5.2
42111,6.1,49.2,6.6,9.1,5.1
42113,5.8,48.7,8.3,8.4,4.2
42115,3.6,46.3,8.5,8.9,6.3
42117,4.1,43.4,8.1,11.0,6.8
42119,6.0,40.6,5.2,12.6,9.0
42121,3.6,49.9,7.9,9.4,4.8
42123,3.4,49.0,7.8,11.0,5.0
42125,3.8,41.0,8.7,15.8,8.1
42127,2.8,44.2,7.4,11.4,7.6
42129,2.8,41.6,9.6,15.2,8.0
42131,2.7,47.4,7.5,11.0,5.6
42133,4.3,41.6,7.6,13.8,7.3
44000,7.0,28.7,7.7,18.2,11.5
44001,7.2,22.9,7.0,23.4,17.0
44003,2.9,31.1,9.6,19.2,9.7
44005,3.6,23.8,6.6,25.4,17.9
44007,9.6,29.9,7.4,15.5,9.6
44009,2.3,25.2,8.0,23.6,17.3
45000,6.2,31.5,8.2,15.3,8.2
45001,7.8,35.4,8.8,11.2,5.0
45003,5.9,31.8,7.9,14.7,8.1
45005,9.8,40.6,5.8,8.9,4.6
45007,6.7,33.6,8.9,12.1,6.1
45009,12.2,28.0,14.8,9.5,5.3
45011,9.6,40.1,6.6,8.4,4.4
45013,3.5,24.8,7.3,23.2,13.5
45015,4.6,38.0,8.8,11.8,4.9
45017,5.1,35.8,8.9,13.8,6.2
45019,4.4,24.2,7.5,23.9,12.9
45021,9.5,39.9,6.0,8.4,3.2
45023,9.0,39.9,7.4,7.8,2.9
45025,11.0,36.8,7.4,7.2,4.0
45027,9.6,39.9,6.0,8.7,3.5
45029,8.5,39.8,5.7,9.5,3.7
45031,8.9,36.1,7.1,11.3,5.8
45033,12.2,37.0,5.5,6.2,2.9
45035,3.9,30.8,10.1,15.1,7.2
45037,7.7,37.2,7.6,10.5,4.8
45039,9.4,38.4,7.3,9.7,4.7
45041,7.2,34.5,8.2,13.4,7.3
45043,5.8,32.5,9.3,14.3,7.8
45045,6.3,27.7,7.6,19.5,9.7
45047,7.5,30.6,9.5,14.9,7.5
45049,10.4,40.9,6.8,6.4,4.5
45051,4.1,34.6,9.8,14.0,7.0
45053,10.6,36.9,5.5,7.4,3.0
45055,6.2,36.0,7.5,11.9,7.1
45057,7.7,37.1,8.2,9.0,4.5
45059,10.4,34.7,8.1,9.9,4.9
45061,13.9,36.9,5.0,5.6,3.4
45063,3.6,30.2,8.7,17.5,9.2
45065,7.9,33.1,10.6,9.5,5.4
45067,9.4,42.4,6.7,8.9,3.9
45069,11.7,40.3,4.1,5.7,2.1
45071,9.4,32.0,6.9,11.6,7.1
45073,6.4,33.5,8.7,12.6,8.4
45075,7.5,37.1,7.5,10.2,6.7
45077,6.7,31.8,8.6,13.5,9.3
45079,3.7,22.8,7.9,22.6,14.1
45081,13.5,37.9,8.7,9.7,3.9
45083,7.9,31.4,8.8,12.9,6.9
45085,6.3,32.6,9.4,11.0,6.6
45087,11.0,34.5,8.2,8.7,3.3
45089,10.3,44.1,6.0,6.7,4.9
45091,5.5,29.3,8.7,17.2,8.1
46000,5.1,33.3,9.4,17.6,7.0
46003,11.4,44.3,9.9,9.0,2.9
46005,11.0,35.5,7.6,15.3,4.3
46007,10.0,26.4,11.9,13.5,2.5
46009,7.9,39.5,10.0,12.2,3.6
46011,3.9,30.2,7.5,23.1,12.0
46013,5.4,34.5,9.9,18.8,5.3
46015,9.5,33.2,8.5,18.6,4.9
46017,4.2,41.7,8.1,2.3,2.9
46019,4.0,35.9,10.8,14.4,3.3
46021,10.1,32.7,9.9,14.8,2.4
46023,13.4,36.4,9.3,12.2,3.8
46025,8.6,43.4,10.5,8.0,2.6
46027,5.9,22.8,7.4,25.2,17.5
46029,4.9,36.9,9.8,16.8,4.3
46031,6.4,39.7,8.0,10.8,3.5
46033,1.4,32.2,9.9,18.1,7.8
46035,5.5,32.3,12.3,17.3,7.0
46037,6.6,43.2,10.9,12.2,3.3
46039,9.1,40.2,9.3,12.9,4.3
46041,4.8,35.5,5.7,10.0,3.4
46043,22.7,33.1,8.5,11.0,2.8
46045,13.3,37.7,6.8,13.9,4.4
46047,5.1,33.7,7.2,12.9,6.9
46049,11.8,36.6,9.1,15.0,3.8
46051,7.5,43.2,7.1,11.4,4.1
46053,9.1,38.2,7.8,10.3,4.4
46055,9.3,39.8,10.8,17.7,2.9
46057,6.3,41.9,7.8,13.6,4.7
46059,8.2,37.8,6.6,13.7,2.9
46061,9.8,41.8,10.9,15.1,4.3
46063,5.6,27.6,5.4,21.6,7.5
46065,4.1,30.5,8.0,23.8,8.7
46067,14.1,32.6,9.1,17.1,4.3
46069,7.3,40.6,6.8,11.2,3.0
46071,3.6,35.1,8.5,19.8,3.7
46073,9.8,43.4,4.4,8.0,3.6
46075,3.5,37.4,11.7,12.2,3.6
46077,9.4,40.3,9.3,15.5,3.6
46079,3.7,38.6,6.5,14.0,8.2
46081,2.1,31.2,7.0,22.9,10.5
46083,2.8,30.5,11.8,23.5,7.4
46085,5.9,41.7,4.7,13.1,4.5
46087,6.3,36.8,11.0,14.0,6.5
46089,22.1,33.8,5.1,11.5,2.2
46091,9.2,35.8,10.6,14.1,3.6
46093,2.4,35.9,9.7,17.4,4.6
46095,6.0,42.4,10.0,10.4,4.3
46097,6.7,41.2,9.8,13.5,4.2
46099,3.7,30.5,10.1,19.7,8.5
46101,6.1,35.6,9.4,16.3,5.7
46103,2.5,29.1,9.7,18.1,9.1
46105,12.8,35.5,8.5,13.4,2.8
46107,9.2,39.2,8.3,15.2,2.8
46109,8.8,37.2,13.1,11.1,4.4
46111,7.4,44.6,8.0,14.7,2.8
46113,6.5,36.0,9.5,9.8,3.1
46115,7.5,38.9,7.5,14.3,4.0
46117,3.9,42.3,9.0,14.7,10.2
46119,4.2,35.6,5.1,22.8,2.6
46121,5.0,26.9,14.7,10.4,5.6
46123,6.6,42.6,7.3,13.0,3.3
46125,5.2,38.0,8.5,17.9,5.1
46127,3.9,34.8,9.1,19.2,8.4
46129,8.4,31.9,7.1,15.1,4.2
46135,5.5,34.6,6.5,17.2,8.4
46137,6.0,34.3,11.2,8.9,2.3
47000,7.1,33.5,5.8,14.6,7.8
47001,6.8,36.1,6.2,12.8,8.9
47003,13.9,40.8,4.4,9.3,3.6
47005,7.7,42.4,2.9,8.2,5.6
47007,15.2,41.8,4.0,4.5,4.1
47009,5.7,35.5,6.2,13.4,7.2
47011,8.2,32.0,6.2,11.8,7.5
47013,16.5,40.7,3.1,5.5,3.6
47015,10.9,47.0,3.8,8.1,3.0
47017,9.8,43.0,2.5,8.8,4.9
47019,9.8,39.8,5.0,8.9,5.0
47021,5.7,39.1,6.6,12.4,4.4
47023,8.6,37.4,4.6,8.1,6.1
47025,15.9,37.5,4.4,6.6,5.0
47027,15.0,43.1,4.0,5.5,6.0
47029,14.1,41.5,5.4,5.5,3.1
47031,7.8,37.7,5.8,11.8,6.5
47033,8.9,42.4,3.7,10.6,3.6
47035,10.7,39.1,5.9,11.0,4.8
47037,5.2,25.6,5.8,21.7,11.9
47039,11.7,41.4,3.1,5.9,2.8
47041,14.0,41.0,2.6,6.2,4.4
47043,6.9,41.3,4.4,10.2,5.3
47045,8.9,40.3,5.6,8.7,5.2
47047,8.2,36.5,5.2,12.6,5.2
47049,16.5,44.2,3.7,6.1,3.2
47051,9.3,37.5,6.0,9.7,7.5
47053,7.8,37.8,4.9,10.1,4.5
47055,7.9,43.8,4.7,9.0,4.8
47057,16.5,39.4,4.3,4.4,3.1
47059,11.4,42.5,3.8,7.9,5.0
47061,23.0,36.9,3.5,6.1,3.1
47063,11.3,36.4,5.4,9.4,5.4
47065,4.9,28.9,6.6,18.1,8.7
47067,24.7,43.7,2.5,4.5,2.8
47069,10.1,36.7,3.5,6.6,4.3
47071,11.7,43.4,3.4,6.9,3.0
47073,11.9,39.4,5.2,8.2,4.1
47075,10.5,40.3,6.0,8.8,3.9
47077,8.4,41.7,6.0,7.0,3.9
47079,6.6,43.6,4.3,8.9,4.4
47081,10.1,42.2,4.6,5.7,3.3
47083,9.1,52.5,3.3,4.6,2.5
47085,6.5,44.6,3.6,7.8,4.7
47087,17.6,46.3,3.4,4.8,3.7
47089,9.3,36.1,7.4,7.7,5.8
47091,12.8,39.9,4.8,6.1,4.3
47093,4.0,27.8,7.0,21.0,12.0
47095,14.3,42.3,2.7,3.1,1.6
47097,10.7,43.9,2.8,6.4,2.4
47099,11.1,41.0,4.5,7.4,3.4
47101,9.7,45.2,4.3,5.7,3.8
47103,7.3,41.0,4.6,10.9,5.0
47105,6.9,35.3,6.6,14.6,6.7
47107,10.7,39.3,5.4,9.8,4.5
47109,9.0,45.6,4.5,6.8,2.9
47111,15.3,45.4,5.5,4.4,3.7
47113,5.3,31.1,6.1,15.5,8.8
47115,11.9,37.6,6.5,6.7,4.4
47117,9.0,41.4,5.9,8.0,3.4
47119,6.1,37.3,7.9,11.1,4.9
47121,10.0,44.3,4.5,6.7,2.9
47123,13.9,40.1,4.8,7.3,3.7
47125,2.9,31.7,8.0,15.6,7.2
47127,10.4,48.9,1.8,8.2,6.1
47129,10.6,46.4,5.0,3.4,2.0
47131,8.2,45.2,4.4,9.0,3.3
47133,16.5,40.5,3.9,6.7,3.4
47135,8.5,44.5,2.8,3.9,3.2
47137,18.0,44.0,3.7,6.4,4.3
47139,13.9,38.8,5.9,5.9,3.4
47141,9.8,35.2,4.2,14.1,7.6
47143,10.9,37.2,5.1,7.8,3.5
47145,8.3,35.8,7.5,10.3,6.8
47147,7.4,40.0,5.1,9.9,4.2
47149,4.1,31.7,6.5,19.3,7.2
47151,12.4,44.6,5.8,5.7,2.4
47153,9.7,40.1,6.8,9.3,7.5
47155,7.9,38.8,5.1,9.8,5.4
47157,5.2,28.3,5.8,17.3,10.2
47159,9.3,43.7,4.5,8.0,4.2
47161,7.8,42.9,5.8,7.2,3.5
47163,7.4,34.4,7.4,13.0,6.6
47165,5.2,32.8,7.3,16.4,6.4
47167,5.5,37.6,6.5,9.3,4.9
47169,14.7,43.7,2.6,7.5,2.2
47171,10.7,38.7,4.9,8.9,3.0
47173,18.2,40.0,5.0,5.1,1.8
47175,13.2,48.9,2.0,3.8,4.9
47177,11.4,41.5,4.8,7.1,4.1
47179,6.0,31.3,5.9,16.8,10.0
47181,11.6,48.2,5.0,3.8,4.1
47183,9.0,38.1,3.7,10.9,7.9
47185,12.4,45.5,2.7,5.7,4.4
47187,2.2,19.1,5.7,33.4,16.9
47189,4.4,35.5,7.5,16.6,6.7
48000,10.3,26.2,6.2,17.0,8.3
48001,8.2,36.8,6.5,8.0,3.0
48003,14.3,30.4,5.5,7.4,2.8
48005,9.1,31.1,7.4,10.7,5.1
48007,9.6,30.4,5.4,16.2,7.2
48009,4.0,39.0,3.9,15.3,4.0
48011,2.2,27.7,10.5,13.6,8.8
48013,15.0,35.8,5.6,7.4,3.4
48015,8.2,35.3,5.5,12.2,4.4
48017,17.9,27.2,8.6,14.0,5.0
48019,7.0,33.6,6.9,17.8,6.4
48021,9.8,33.0,6.9,11.8,5.1
48023,2.4,33.1,5.6,15.8,6.0
48025,13.9,32.3,6.4,6.0,3.5
48027,4.6,28.9,10.2,14.4,7.0
48029,9.6,26.0,6.9,15.6,8.9
48031,4.7,32.7,7.3,17.9,7.9
48033,8.1,47.3,6.4,16.5,2.2
48035,6.9,37.4,5.8,10.2,4.5
48037,5.9,33.6,6.0,11.5,6.3
48039,7.0,25.7,7.6,16.9,8.4
48041,7.4,22.7,4.7,21.7,16.7
48043,11.4,24.4,5.5,16.1,11.5
48045,13.1,35.2,5.7,11.9,4.2
48047,24.9,30.8,2.1,7.7,3.5
48049,7.2,38.6,4.7,10.7,4.5
48051,11.2,40.8,3.8,7.5,3.9
48053,8.3,30.2,4.8,14.5,6.5
48055,12.1,38.3,4.3,10.1,3.7
48057,12.8,32.8,6.3,10.3,3.9
48059,4.3,37.9,7.7,11.4,4.7
48061,24.6,24.2,6.0,9.9,4.9
48063,13.7,34.0,3.2,10.2,5.3
48065,2.9,35.5,7.6,14.2,7.2
48067,5.3,39.2,5.9,9.4,4.3
48069,23.3,25.2,5.5,11.9,2.8
48071,5.0,30.7,8.9,10.7,4.0
48073,10.2,38.1,4.5,8.8,3.8
48075,10.9,45.0,5.0,7.3,3.0
48077,2.3,41.8,5.3,12.6,4.9
48079,19.9,28.6,4.1,9.8,2.3
48081,7.9,38.9,7.7,8.4,2.9
48083,8.6,39.2,4.2,8.5,3.1
48085,3.8,15.9,7.4,32.0,15.4
48087,15.0,26.8,3.0,11.0,3.1
48089,13.3,37.6,6.2,11.5,3.8
48091,4.6,26.7,6.6,20.9,10.4
48093,12.8,33.5,4.7,11.9,4.2
48095,15.1,37.0,5.2,9.2,3.3
48097,7.8,31.3,8.0,13.5,5.4
48099,4.4,30.9,10.8,11.0,4.0
48101,15.5,35.1,4.8,11.9,3.1
48103,11.6,37.7,5.7,9.1,1.7
48105,21.4,22.5,6.0,12.0,0.0
48107,14.2,37.0,4.1,9.7,4.1
48109,18.4,29.5,1.3,8.2,8.6
48111,15.8,36.2,3.0,6.1,3.6
48113,12.6,23.2,5.5,18.1,9.3
48115,18.1,35.7,3.0,6.4,2.3
48117,20.1,30.9,3.6,8.5,3.8
48119,5.4,39.3,2.1,11.7,5.5
48121,4.0,20.8,6.9,26.5,10.8
48123,12.5,35.7,5.8,8.4,3.9
48125,15.5,34.8,2.8,8.6,2.6
48127,25.0,32.5,2.4,9.4,4.9
48129,9.5,31.1,8.2,10.4,5.8
48131,17.7,34.0,4.4,5.6,3.8
48133,8.9,35.4,5.4,9.6,5.3
48135,13.2,30.0,5.9,9.2,3.8
48137,18.2,27.6,6.2,15.3,5.6
48139,6.9,31.4,7.0,13.8,5.6
48141,18.6,24.0,6.2,12.5,6.3
48143,10.1,27.1,4.5,15.9,7.6
48145,10.8,35.3,6.8,5.7,4.2
48147,7.0,40.5,5.3,9.3,4.1
48149,12.2,35.2,6.4,13.3,4.2
48151,10.5,39.1,6.2,9.7,5.7
48153,17.4,34.3,4.5,11.2,3.2
48155,9.2,40.0,8.5,7.1,6.5
48157,6.3,21.6,6.4,26.2,12.7
48159,7.8,32.5,3.8,15.5,3.7
48161,7.5,35.6,9.1,10.8,3.8
48163,20.0,36.6,2.5,6.2,3.9
48165,28.2,27.1,4.6,7.8,1.8
48167,5.7,26.8,8.4,16.9,8.7
48169,23.0,28.1,3.8,6.6,2.0
48171,7.7,31.0,4.3,16.5,9.1
48173,18.8,30.6,4.8,8.7,3.1
48175,12.8,37.8,6.0,11.0,3.6
48177,18.5,34.5,3.1,10.9,3.8
48179,7.5,37.6,6.5,7.3,3.1
48181,5.7,32.8,8.5,13.2,5.8
48183,6.3,29.6,7.4,15.1,6.3
48185,9.0,40.9,5.3,8.7,2.7
48187,7.8,29.4,7.7,15.7,8.2
48189,16.7,30.4,4.8,10.4,4.5
48191,18.6,31.6,4.3,10.7,2.5
48193,7.4,32.4,5.0,16.8,5.7
48195,12.6,33.9,4.5,14.3,4.8
48197,11.1,35.5,6.8,10.7,4.0
48199,4.1,41.5,6.4,11.1,3.4
48201,12.1,24.1,5.4,18.2,9.6
48203,4.6,35.4,7.2,10.7,5.1
48205,6.9,37.7,4.2,12.6,5.6
48207,12.7,40.3,5.7,7.8,2.9
48209,6.0,24.7,6.8,22.4,9.6
48211,5.4,29.6,5.1,13.1,6.1
48213,8.6,34.3,7.6,9.4,4.4
48215,26.8,24.2,4.1,10.7,4.5
48217,10.3,31.1,7.6,10.8,3.9
48219,13.3,27.0,8.2,12.7,4.8
48221,4.7,27.7,6.3,16.5,6.3
48223,8.4,34.3,4.7,11.1,5.1
48225,9.3,39.3,5.2,10.0,3.2
48227,13.7,29.4,6.8,7.0,3.7
48229,33.6,29.0,3.3,6.9,2.2
48231,6.8,34.8,5.4,10.7,5.7
48233,6.9,34.9,6.1,10.0,4.1
48235,5.0,44.8,9.6,10.4,1.8
48237,6.1,41.1,4.7,7.9,2.4
48239,10.3,32.0,6.4,11.9,3.7
48241,6.5,40.4,5.9,11.0,3.6
48243,12.1,20.5,2.8,24.3,11.8
48245,6.9,32.8,6.5,12.4,5.7
48247,21.0,37.6,1.3,6.9,3.0
48249,14.7,33.3,5.3,7.0,2.7
48251,6.7,35.2,5.8,11.8,4.4
48253,10.8,34.2,5.0,7.6,2.6
48255,15.8,31.2,7.0,4.5,2.1
48257,7.1,34.6,6.8,10.6,4.4
48259,5.7,22.4,6.7,23.9,12.6
48261,22.5,11.5,12.0,9.4,10.5
48263,6.1,38.6,6.8,15.7,2.3
48265,7.0,29.1,6.1,16.8,8.9
48267,13.8,25.9,4.5,10.9,10.6
48269,0.0,27.6,3.4,24.7,5.7
48271,19.5,32.6,7.4,14.3,4.1
48273,14.1,26.9,4.7,13.2,6.7
48275,15.9,36.4,5.4,10.2,4.7
48277,6.1,34.3,8.9,11.6,5.4
48279,15.8,32.8,7.0,9.2,3.9
48281,9.8,32.5,7.4,11.6,4.6
48283,22.8,29.4,3.5,6.9,1.9
48285,11.1,37.4,3.5,9.9,4.3
48287,11.3,37.5,5.2,11.1,4.1
48289,9.3,39.5,3.8,8.6,4.8
48291,9.0,35.6,6.3,6.8,2.5
48293,14.0,33.6,6.3,7.7,3.5
48295,11.9,30.9,6.3,17.4,2.6
48297,12.3,32.9,7.2,8.7,3.8
48299,3.7,33.3,4.9,17.3,7.1
48301,2.6,50.6,10.4,20.8,15.6
48303,7.8,27.5,5.6,17.5,9.2
48305,16.0,34.4,3.8,12.6,2.1
48307,11.8,32.6,3.7,13.5,5.5
48309,9.0,28.8,8.3,13.2,7.2
48311,6.2,35.8,5.2,7.5,5.8
48313,11.1,42.1,3.8,9.6,3.6
48315,5.4,36.6,5.8,6.8,4.0
48317,15.3,32.9,6.6,8.3,3.8
48319,7.4,36.2,1.9,21.8,6.7
48321,11.9,32.6,7.3,10.4,3.4
48323,30.6,21.7,4.6,9.3,4.6
48325,12.3,29.0,6.6,12.3,6.4
48327,11.6,38.2,0.9,7.5,2.9
48329,9.2,25.4,6.5,17.8,6.7
48331,9.3,42.5,6.1,8.5,3.9
48333,9.6,40.5,4.2,11.3,4.6
48335,10.0,34.9,4.2,6.8,3.5
48337,7.1,34.8,6.1,9.8,3.9
48339,5.5,26.6,7.0,20.1,8.6
48341,18.4,30.1,5.7,7.9,3.8
48343,5.4,36.8,6.4,11.3,7.6
48345,3.8,39.8,4.4,8.2,7.2
48347,8.4,30.0,5.3,15.3,8.3
48349,11.0,33.4,6.3,9.9,4.8
48351,6.6,43.9,5.0,5.7,1.5
48353,11.2,33.2,6.8,13.2,4.8
48355,10.5,27.6,6.8,12.4,7.2
48357,14.7,30.6,2.6,13.5,4.3
48359,9.7,21.9,5.7,19.9,4.4
48361,4.1,42.2,8.3,9.3,3.5
48363,10.5,36.6,3.6,10.0,4.0
48365,6.1,37.5,6.9,8.4,3.6
48367,4.8,31.0,7.1,13.9,6.3
48369,24.2,23.8,6.5,12.4,2.4
48371,18.4,32.3,4.0,7.4,3.4
48373,8.7,39.1,5.4,6.9,3.7
48375,11.1,29.2,6.3,9.8,4.8
48377,42.1,20.9,1.5,10.1,5.2
48379,5.8,39.3,4.4,8.6,3.6
48381,2.7,24.0,8.0,20.1,9.8
48383,22.7,32.6,4.4,5.5,3.5
48385,13.4,24.3,4.5,14.6,6.4
48387,9.2,37.4,5.7,7.0,2.1
48389,24.7,30.7,3.8,5.5,1.2
48391,15.8,34.6,3.5,7.0,3.5
48393,0.8,27.5,1.9,25.8,10.5
48395,11.7,37.0,4.5,11.7,3.8
48397,4.8,24.9,6.6,23.8,10.4
48399,13.5,37.0,3.2,12.0,5.3
48401,7.3,34.0,6.1,9.3,4.7
48403,5.5,41.4,7.1,7.9,3.2
48405,13.0,38.7,3.1,7.3,5.2
48407,8.6,39.6,4.1,6.0,3.5
48409,12.2,30.2,6.6,11.1,4.0
48411,11.8,37.6,3.9,11.8,6.2
48413,16.3,31.1,4.3,16.0,1.9
48415,9.5,33.5,6.0,11.4,4.2
48417,7.3,30.4,3.7,17.4,7.2
48419,9.4,39.9,4.2,8.4,4.4
48421,13.5,29.7,5.1,15.4,4.1
48423,7.0,27.8,8.5,15.8,7.4
48425,4.9,32.6,7.4,18.8,4.5
48427,38.2,22.5,2.6,5.6,2.7
48429,6.2,37.4,4.9,7.5,3.7
48431,15.0,31.2,4.0,19.8,2.2
48433,4.7,30.3,8.3,15.1,6.2
48435,21.9,28.5,3.5,12.3,3.7
48437,11.8,35.2,4.6,10.0,4.0
48439,7.5,24.9,6.7,19.8,8.5
48441,6.5,29.0,6.5,16.6,6.6
48443,12.0,32.2,1.8,21.1,5.5
48445,16.5,36.6,2.0,8.8,3.7
48447,7.1,37.0,6.3,12.6,5.0
48449,13.2,31.3,5.0,9.9,3.8
48451,8.3,29.1,6.7,15.3,6.0
48453,7.5,17.7,5.6,27.7,15.4
48455,5.3,47.5,4.1,6.8,4.5
48457,5.2,40.8,3.8,8.7,5.1
48459,5.2,37.2,6.3,10.2,4.3
48461,15.8,38.2,1.7,9.1,2.2
48463,19.9,25.2,7.8,9.6,4.4
48465,25.5,26.1,4.7,11.4,4.3
48467,7.8,35.8,6.0,8.0,4.5
48469,9.0,30.5,7.4,11.8,5.3
48471,8.4,35.9,4.7,10.7,6.2
48473,8.7,37.2,4.1,13.0,4.8
48475,16.0,38.1,3.2,6.4,2.5
48477,11.1,30.3,6.8,16.4,7.7
48479,23.7,21.7,6.2,12.3,4.8
48481,12.8,31.9,7.2,12.1,3.7
48483,8.9,36.9,6.1,10.0,2.5
48485,6.0,32.7,6.2,14.2,6.7
48487,11.6,32.1,5.1,10.3,5.7
48489,30.8,28.1,3.5,6.6,2.9
48491,4.8,22.2,7.7,25.5,10.5
48493,9.7,35.9,6.7,12.7,4.5
48495,20.4,31.5,3.8,7.4,2.0
48497,7.4,35.6,5.5,10.8,4.4
48499,7.0,36.3,4.6,10.6,4.7
48501,21.5,28.9,4.8,13.0,3.2
48503,9.3,33.5,7.1,10.4,3.1
48505,31.4,31.7,1.5,5.5,3.4
48507,28.5,27.0,5.1,5.3,2.1
49000,3.1,25.4,9.2,19.5,9.3
49001,4.0,42.6,6.2,7.8,3.8
49003,2.9,32.4,8.0,15.6,6.0
49005,2.8,23.1,7.7,22.0,13.0
49007,3.4,31.4,11.3,11.2,3.8
49009,4.4,39.9,9.4,9.2,5.0
49011,1.1,23.7,9.7,22.9,9.8
49013,2.1,38.7,7.3,9.5,4.4
49015,2.1,41.5,9.8,8.7,4.0
49017,1.2,32.9,7.7,15.4,4.1
49019,4.0,29.9,7.6,14.7,8.3
49021,2.6,28.7,7.6,18.9,7.6
49023,1.8,40.4,10.4,8.7,4.0
49025,3.8,32.1,6.5,13.8,4.0
49027,6.8,30.2,9.6,12.8,5.9
49029,0.2,28.2,11.8,15.5,9.5
49031,2.0,41.5,6.1,9.9,4.4
49033,1.3,32.2,7.6,20.8,5.4
49035,3.8,24.9,8.7,19.7,9.9
49037,12.8,34.0,8.9,10.8,5.5
49039,4.3,32.5,10.2,12.4,5.9
49041,2.0,33.5,10.0,9.8,6.5
49043,3.4,19.6,7.8,30.8,17.5
49045,1.3,32.8,10.6,14.3,4.8
49047,2.6,35.8,6.0,9.5,4.9
49049,2.1,18.8,11.0,23.7,11.0
49051,1.8,25.7,10.3,20.3,9.3
49053,2.5,28.7,9.1,15.3,7.6
49055,1.9,30.9,8.8,14.5,10.5
49057,4.6,29.8,9.6,15.6,6.2
50000,3.5,32.3,8.4,20.1,12.8
50001,3.7,34.7,7.9,17.8,14.0
50003,4.1,33.1,8.4,18.6,12.6
50005,4.7,34.6,8.5,17.0,11.0
50007,2.4,23.2,9.4,27.6,17.1
50009,6.2,44.5,6.6,11.2,4.9
50011,5.7,40.5,9.4,13.3,7.6
50013,3.3,34.8,7.1,18.5,11.0
50015,3.1,30.2,9.0,22.3,9.9
50017,3.7,35.7,10.4,16.6,11.7
50019,7.4,40.4,6.5,13.4,6.6
50021,3.8,37.5,7.5,17.1,8.6
50023,2.7,30.9,8.5,21.8,15.0
50025,2.7,33.5,6.9,18.8,14.5
50027,2.7,32.5,7.8,20.0,14.0
51000,5.5,26.3,6.6,19.8,13.6
51001,10.2,37.3,4.7,10.3,7.5
51003,4.3,18.0,5.4,26.6,25.9
51005,7.4,36.6,10.4,10.5,4.7
51007,8.5,41.1,5.5,6.7,2.9
51009,9.2,35.9,6.5,10.5,6.5
51011,8.5,40.7,5.3,8.8,4.0
51013,4.7,10.1,3.6,33.6,35.2
51015,6.2,41.7,5.2,13.4,5.0
51017,10.0,45.5,4.7,6.6,4.9
51019,4.2,32.5,7.0,15.1,8.3
51021,8.2,41.3,8.0,8.7,4.9
51023,4.4,35.6,8.8,15.7,7.0
51025,9.5,33.1,6.5,7.3,5.0
51027,20.3,31.8,7.7,5.3,3.6
51029,8.1,35.8,4.5,9.9,2.6
51031,6.7,35.8,8.3,12.0,4.2
51033,6.8,38.4,5.8,10.3,4.5
51035,13.6,35.5,7.8,8.5,4.5
51036,6.8,41.0,5.2,6.3,4.8
51037,12.7,34.5,5.4,9.0,4.1
51041,3.2,24.7,6.9,23.9,12.2
51043,7.3,30.6,6.1,17.0,10.4
51045,6.5,40.5,6.8,9.6,4.7
51047,7.4,35.0,6.1,14.5,6.7
51049,13.1,40.6,5.8,7.2,3.3
51051,17.4,38.5,5.2,6.0,3.8
51053,10.4,37.6,6.2,10.4,3.4
51057,7.5,37.1,5.8,13.3,4.3
51059,4.1,13.8,5.4,30.9,27.6
51061,4.0,30.4,7.4,17.9,11.1
51063,8.3,36.2,6.4,13.9,4.5
51065,4.7,32.2,8.8,16.6,9.2
51067,9.2,36.8,7.2,9.1,5.2
51069,5.5,34.1,7.3,14.4,8.2
51071,8.9,40.5,6.7,9.4,4.4
51073,5.0,34.7,7.7,12.1,5.3
51075,7.6,26.1,3.8,16.2,11.4
51077,11.8,36.6,8.6,6.6,2.5
51079,7.6,37.5,4.3,13.4,6.6
51081,12.0,38.5,5.4,3.5,1.4
51083,12.0,36.0,7.0,6.7,5.5
51085,2.8,28.1,6.4,21.8,10.9
51087,3.8,23.7,5.8,25.3,13.7
51089,12.2,33.4,8.3,7.0,3.9
51091,6.1,40.6,5.0,13.5,8.2
51093,4.9,30.5,8.5,15.7,9.3
51095,1.8,20.4,6.5,24.6,20.8
51097,9.2,43.2,6.0,7.7,2.8
51099,4.2,31.9,6.6,18.5,9.8
51101,3.7,40.2,6.1,13.8,5.8
51103,4.9,28.7,5.8,20.1,8.2
51105,14.4,32.5,8.1,8.4,3.6
51107,2.7,14.9,6.4,35.5,21.0
51109,7.7,38.8,4.7,11.1,5.5
51111,12.3,39.2,5.4,6.5,2.5
51113,7.9,35.1,4.8,12.9,8.9
51115,5.5,39.4,5.0,10.1,8.6
51117,9.3,38.0,5.8,8.4,4.4
51119,3.9,38.5,6.5,15.8,9.4
51121,5.0,24.9,7.4,18.5,21.1
51125,11.2,32.4,5.2,12.3,8.1
51127,3.6,35.1,8.3,17.1,6.5
51131,8.9,35.0,6.8,11.0,8.0
51133,7.1,29.2,4.6,12.7,8.0
51135,7.8,37.3,6.3,6.9,5.3
51137,6.6,35.7,5.5,13.8,6.5
51139,10.4,43.5,4.1,7.2,3.2
51141,12.6,35.6,9.3,7.7,2.8
51143,9.8,36.5,8.3,8.9,4.1
51145,5.5,32.4,6.0,13.7,7.3
51147,7.6,44.7,3.1,11.4,7.6
51149,4.6,35.9,6.9,11.8,6.6
51153,5.2,22.3,7.3,23.1,14.6
51155,8.0,34.7,9.8,9.5,4.4
51157,9.4,26.3,3.2,21.1,13.4
51159,11.8,36.4,5.6,7.8,3.1
51161,3.9,26.3,8.4,21.2,10.8
51163,8.6,34.3,5.7,15.1,7.9
51165,9.0,36.2,5.4,13.7,7.8
51167,16.3,35.5,8.1,6.3,3.2
51169,15.8,37.2,9.0,5.8,3.8
51171,6.2,40.5,4.9,11.4,6.1
51173,10.9,36.5,8.7,8.7,4.6
51175,11.0,31.5,7.7,8.8,3.8
51177,3.6,29.6,7.1,19.6,10.7
51179,2.3,26.4,8.6,21.6,14.0
51181,9.9,38.8,5.8,9.0,5.3
51183,13.4,39.8,3.7,5.8,4.0
51185,12.2,33.7,7.9,9.6,4.8
51187,6.3,36.2,5.5,13.5,8.1
51191,8.9,31.9,7.6,12.8,6.8
51193,7.1,33.3,6.5,10.2,6.3
51195,12.9,34.9,6.1,8.2,3.7
51197,10.3,34.8,7.9,9.9,4.6
51199,1.9,20.6,9.9,23.6,17.8
51510,5.2,13.4,3.9,30.9,28.1
51515,5.9,30.8,7.3,15.3,5.2
51520,9.4,27.9,9.1,13.8,5.1
51530,15.2,36.7,4.4,8.9,5.9
51540,6.6,21.9,3.4,19.3,24.0
51550,2.9,27.6,8.6,17.3,10.2
51560,#DIV/0!,#DIV/0!,#DIV/0!,#DIV/0!,#DIV/0!
51570,2.8,37.8,6.3,12.6,7.6
51580,6.2,45.4,5.4,5.7,4.1
51590,9.5,30.1,8.1,9.8,5.9
51595,11.8,39.8,3.1,8.5,7.4
51600,2.8,17.8,5.6,27.9,23.0
51610,2.7,10.7,3.3,31.0,38.5
51620,10.2,30.3,4.9,12.1,9.0
51630,4.2,31.1,4.9,18.8,12.7
51640,18.1,28.7,5.5,9.6,3.6
51650,2.9,31.2,8.6,13.3,8.0
51660,10.6,26.6,3.6,19.2,12.6
51670,6.2,40.5,4.8,6.4,4.9
51678,6.9,20.6,3.1,22.4,25.1
51680,6.2,28.9,5.3,17.4,10.7
51683,11.3,24.7,6.4,18.6,9.1
51685,12.1,29.1,8.9,14.5,10.3
51690,12.0,28.3,6.8,12.3,5.4
51700,3.4,29.9,8.9,15.0,7.9
51710,3.9,29.7,6.5,13.9,9.6
51720,11.7,29.0,8.9,8.7,10.4
51730,8.9,35.4,4.2,11.0,5.0
51735,3.0,27.5,9.0,19.9,14.4
51740,5.6,30.6,7.4,12.3,6.0
51750,4.8,24.5,10.4,20.5,10.2
51760,6.8,25.4,4.4,19.9,12.7
51770,6.9,31.1,7.0,14.3,7.5
51775,4.7,32.3,6.9,16.4,9.9
51780,#DIV/0!,#DIV/0!,#DIV/0!,#DIV/0!,#DIV/0!
51790,6.4,33.9,5.1,15.4,10.4
51800,5.5,29.6,7.5,16.3,8.3
51810,2.3,25.2,9.6,20.8,10.8
51820,10.4,37.1,4.6,14.6,7.1
51830,1.9,17.2,6.8,26.9,21.4
51840,10.3,29.6,5.7,16.4,11.7
53000,4.0,24.6,9.3,19.9,10.9
53001,20.8,26.7,8.3,8.6,5.0
53003,2.7,36.3,8.8,11.5,6.9
53005,6.2,25.5,9.7,16.0,11.1
53007,9.4,27.7,9.1,15.6,8.3
53009,2.0,28.6,9.8,13.8,9.7
53011,2.6,26.6,9.9,16.8,8.7
53013,4.6,30.8,10.1,14.5,6.2
53015,4.0,30.8,10.8,9.8,4.6
53017,11.2,26.9,10.4,12.4,5.7
53019,3.0,40.3,10.0,10.5,5.1
53021,19.3,26.2,7.2,10.0,4.5
53023,3.2,31.2,9.7,13.3,6.1
53025,14.2,28.6,8.9,9.3,4.2
53027,4.2,34.4,9.2,9.2,5.0
53029,1.4,26.1,10.1,17.1,11.1
53031,1.1,24.3,7.5,20.0,15.9
53033,3.4,18.1,8.1,28.8,16.1
53035,2.2,24.8,10.9,17.8,10.2
53037,3.0,29.2,6.4,19.9,11.1
53039,3.8,37.2,8.1,11.4,6.1
53041,4.3,33.6,8.3,9.6,5.7
53043,2.8,32.9,10.8,14.7,6.6
53045,3.9,33.1,7.7,13.1,6.2
53047,7.2,33.1,8.7,10.7,6.8
53049,4.1,33.2,8.8,11.2,5.3
53051,2.8,33.7,8.7,11.7,5.7
53053,3.2,29.7,9.9,15.4,7.9
53055,1.2,19.0,5.0,26.6,18.1
53057,5.7,26.2,11.0,14.5,8.4
53059,2.8,35.4,9.8,12.9,5.4
53061,2.7,26.0,10.3,19.6,8.3
53063,2.1,25.5,11.7,17.4,9.8
53065,2.8,33.9,9.7,12.5,5.8
53067,2.1,24.9,9.9,19.2,12.0
53069,1.8,31.7,8.4,8.8,7.5
53071,7.1,25.8,11.0,14.1,9.3
53073,3.4,25.1,9.4,20.9,10.7
53075,0.9,20.5,7.8,23.5,21.3
53077,16.4,28.2,6.2,9.6,6.1
54000,6.9,41.4,5.7,10.4,6.7
54001,8.6,49.6,4.5,8.0,4.1
54003,4.8,39.3,6.5,11.9,7.0
54005,10.0,47.5,3.8,5.3,2.8
54007,12.8,46.3,4.6,6.5,3.1
54009,4.8,47.1,7.7,8.6,6.1
54011,5.0,35.9,6.5,12.3,9.5
54013,16.1,43.0,4.1,4.5,3.0
54015,11.1,49.4,6.7,5.7,4.4
54017,7.5,43.5,3.4,5.3,3.0
54019,9.6,45.0,4.4,7.8,3.4
54021,11.5,37.5,6.3,7.4,5.6
54023,11.6,49.0,3.5,7.2,4.4
54025,9.3,37.5,5.1,10.2,7.0
54027,7.5,52.0,3.4,6.1,4.2
54029,4.5,43.8,8.7,10.8,4.9
54031,11.4,49.7,5.0,6.3,3.8
54033,5.4,39.8,6.0,12.1,6.3
54035,6.3,41.4,8.1,10.8,4.4
54037,3.6,32.4,6.4,17.0,11.7
54039,4.6,38.6,5.7,13.9,9.1
54041,7.9,48.2,4.9,7.6,3.9
54043,15.5,38.7,3.8,5.5,3.2
54045,11.2,44.5,5.9,5.4,3.3
54047,17.7,40.9,2.3,4.4,1.4
54049,4.6,40.8,6.6,12.2,7.5
54051,4.9,45.8,8.1,7.3,4.9
54053,9.6,43.3,5.9,7.1,4.7
54055,9.7,41.4,4.4,10.8,5.6
54057,3.9,48.4,8.0,7.8,6.3
54059,13.0,42.9,5.0,5.7,3.0
54061,4.7,33.4,4.7,16.2,18.1
54063,8.8,43.3,3.4,10.3,3.8
54065,3.6,52.6,4.1,8.1,4.3
54067,9.4,46.7,4.5,6.5,5.9
54069,4.2,37.6,6.1,14.4,10.1
54071,12.2,40.9,6.8,9.4,5.8
54073,2.8,46.6,6.2,7.9,4.8
54075,9.0,46.4,3.6,8.8,3.7
54077,7.4,49.7,5.1,8.0,4.0
54079,3.3,37.4,7.2,14.7,9.2
54081,8.0,40.4,5.3,9.3,5.5
54083,7.6,45.8,5.3,10.2,6.7
54085,5.9,44.0,5.7,5.2,3.8
54087,10.0,50.8,3.8,5.4,4.1
54089,10.8,40.7,3.2,7.6,4.5
54091,5.0,46.5,5.2,10.5,3.3
54093,6.6,50.5,4.4,8.2,5.0
54095,5.2,49.2,5.4,6.8,3.4
54097,8.5,46.6,4.2,9.3,6.2
54099,8.8,39.8,7.3,7.8,4.9
54101,12.4,46.0,3.6,4.4,2.1
54103,5.6,47.5,6.5,8.6,4.8
54105,7.3,50.3,7.4,7.2,3.7
54107,4.7,37.0,7.6,11.7,7.2
54109,14.5,46.9,4.9,4.1,3.8
55000,3.8,34.3,8.8,17.0,8.4
55001,3.8,43.4,7.6,7.5,3.3
55003,3.7,37.1,13.2,13.2,6.1
55005,5.4,39.7,9.6,11.8,5.5
55007,2.3,32.2,10.2,17.2,9.2
55009,4.2,34.3,9.9,18.6,7.3
55011,5.4,43.2,10.3,10.5,4.4
55013,3.5,40.1,8.0,11.0,5.1
55015,3.6,38.7,10.0,18.1,6.4
55017,4.5,38.9,12.8,12.4,5.0
55019,11.1,44.2,7.6,7.5,3.3
55021,3.3,38.8,9.5,13.5,6.1
55023,4.6,45.5,7.2,10.3,5.9
55025,2.2,21.2,9.6,26.8,17.6
55027,4.4,42.5,8.2,10.8,4.2
55029,2.9,36.1,7.2,17.3,9.5
55031,2.5,35.2,10.9,13.8,7.2
55033,3.8,37.4,8.8,16.2,8.5
55035,3.5,30.8,11.1,19.5,9.8
55037,2.9,44.6,7.1,12.4,3.3
55039,4.0,40.7,9.6,12.1,5.8
55041,4.1,44.1,7.5,6.8,4.3
55043,5.6,40.7,9.4,11.6,7.5
55045,3.4,40.0,10.4,12.7,5.6
55047,5.1,41.8,7.8,11.9,4.2
55049,2.9,39.0,9.6,15.8,6.2
55051,2.6,40.1,10.7,9.3,6.0
55053,5.3,44.1,7.9,8.6,5.1
55055,4.0,36.5,8.6,14.4,6.9
55057,4.7,44.4,8.0,8.0,3.6
55059,3.6,33.7,9.5,15.2,6.8
55061,4.1,47.0,9.4,9.9,3.2
55063,2.8,30.3,12.6,18.7,9.8
55065,4.4,45.4,9.0,11.4,4.0
55067,4.4,46.7,6.9,8.4,4.7
55069,4.1,42.4,9.7,10.0,4.7
55071,4.4,41.8,9.0,12.7,5.3
55073,5.6,37.8,10.5,13.9,7.0
55075,4.5,43.7,7.9,10.2,3.9
55077,4.4,45.6,6.8,8.5,3.4
55078,5.4,39.4,5.8,8.6,1.8
55079,5.2,30.6,6.8,17.6,9.2
55081,4.9,41.2,10.1,10.8,4.4
55083,4.0,43.6,10.1,9.7,3.7
55085,2.2,34.2,9.2,14.5,7.4
55087,2.8,36.8,9.5,18.4,6.8
55089,2.0,23.4,8.0,27.3,14.9
55091,5.9,40.3,9.1,12.4,4.3
55093,2.9,34.2,9.6,16.9,8.3
55095,2.4,41.4,9.5,12.7,5.4
55097,3.8,36.4,8.0,17.5,8.5
55099,3.2,45.0,9.1,10.5,4.0
55101,4.6,34.4,8.4,14.9,7.5
55103,4.9,43.9,7.5,9.0,5.5
55105,3.2,39.1,8.4,13.0,6.5
55107,5.5,43.8,8.2,10.7,4.0
55109,2.0,29.2,10.0,23.8,8.3
55111,3.7,39.3,8.8,13.0,6.6
55113,2.6,37.5,7.8,13.5,6.9
55115,5.6,46.7,8.2,9.2,4.6
55117,3.8,38.3,9.4,15.0,5.9
55119,6.6,45.5,7.8,8.4,4.5
55121,6.1,41.1,9.1,11.8,5.5
55123,8.4,37.1,9.3,12.0,6.3
55125,2.0,34.5,8.0,17.0,8.1
55127,3.9,34.7,7.5,16.6,8.6
55129,3.3,39.8,8.8,12.2,6.3
55131,2.3,34.7,9.3,18.5,7.4
55133,1.6,27.0,8.4,25.7,12.7
55135,4.0,45.6,8.1,11.5,4.3
55137,4.6,44.3,7.8,8.3,4.2
55139,2.7,35.5,8.8,17.3,7.4
55141,4.8,38.8,10.3,12.6,6.4
56000,2.7,31.9,9.3,15.6,7.7
56001,2.2,18.6,6.5,27.5,21.3
56003,3.5,31.3,9.4,13.7,5.2
56005,3.2,35.6,9.4,12.6,4.3
56007,3.3,38.3,8.0,14.4,4.1
56009,2.0,38.3,10.6,11.7,5.3
56011,2.5,42.6,7.9,12.7,5.4
56013,4.2,31.9,9.3,13.7,8.6
56015,4.0,34.2,9.0,15.3,4.6
56017,3.7,39.4,6.8,13.2,5.4
56019,1.2,30.8,9.4,17.7,7.9
56021,2.4,28.9,10.6,14.6,8.1
56023,1.8,39.0,6.7,13.1,4.4
56025,2.2,32.1,11.2,14.3,7.2
56027,1.4,37.3,6.4,14.1,4.7
56029,2.0,30.0,8.9,17.2,8.4
56031,3.9,38.3,7.6,11.5,5.4
56033,2.1,33.2,10.3,15.1,7.5
56035,1.2,33.3,10.7,16.0,10.3
56037,3.5,34.1,10.5,12.2,4.7
56039,2.4,20.4,4.9,34.3,15.2
56041,1.8,35.9,7.2,12.1,5.2
56043,3.8,30.6,6.8,16.1,8.3
56045,2.8,40.4,7.9,15.9,3.3